Workbook

Sheet 專案執行進度表
A1: 專案進度
A2: 專案編號 | B2: 專案名稱 | C2: 部門 | D2: 專案負責人 | E2: 預計起始日 | F2: 預計完成日 | G2: 實際開始日 | H2: 實際完成日 | I2: 設計工時分析 | L2: 專案狀態 | M2: 專案是否異常 | N2: 工況試煉送樣 | O2: 異常說明
I3: 總預計 | J3: 實際 | K3: 實際/總預計
A4: D240902R1 | B4: =VLOOKUP(A4,[1]總表!$A:$L,2,FALSE) -> EPH結構改善與提升生產良率 | C4: =VLOOKUP(A4,[1]總表!$A:$L,3,FALSE) -> 產品開發 | D4: =VLOOKUP(A4,[1]總表!$A:$L,4,FALSE) -> 王瀚霆 | E4: =VLOOKUP(A4,[1]總表!$A:$L,6,FALSE) -> 45557.667 | F4: =VLOOKUP(A4,[1]總表!$A:$L,7,FALSE) -> 45620.667 | G4: =VLOOKUP(A4,[1]總表!$A:$L,8,FALSE) -> 45558 | H4: =VLOOKUP(A4,[1]總表!$A:$L,9,FALSE) | I4: =VLOOKUP(A4,[1]專案進度表!$B:$DL,20,FALSE) -> 220 | J4: =VLOOKUP(A4,[1]專案進度表!$B:$DV,21,FALSE) -> 914.5 | K4: =J4/I4 -> 4.1568182 | L4: =VLOOKUP(A4,[1]總表!$A:$L,5,FALSE) -> Active | M4: =VLOOKUP(A4,[1]總表!$A:$M,13,FALSE) -> 專案延遲 410 天 | N4: =IF(VLOOKUP(A4,[1]PLM014!$B:$R,17,FALSE)=0,"",VLOOKUP(A4,[1]PLM014!$B:$R,17,FALSE))
A5: D250101R1 | B5: =VLOOKUP(A5,[1]總表!$A:$L,2,FALSE) -> AI冷卻系統數位通訊溫度偵測器 | C5: =VLOOKUP(A5,[1]總表!$A:$L,3,FALSE) -> 研二部 | D5: =VLOOKUP(A5,[1]總表!$A:$L,4,FALSE) -> 黃胤綸 | E5: =VLOOKUP(A5,[1]總表!$A:$L,6,FALSE) -> 45669.667 | F5: =VLOOKUP(A5,[1]總表!$A:$L,7,FALSE) -> 45776.667 | G5: =VLOOKUP(A5,[1]總表!$A:$L,8,FALSE) -> 45670 | H5: =VLOOKUP(A5,[1]總表!$A:$L,9,FALSE) | I5: =VLOOKUP(A5,[1]專案進度表!$B:$DL,20,FALSE) -> 695 | J5: =VLOOKUP(A5,[1]專案進度表!$B:$DV,21,FALSE) -> 1193 | K5: =J5/I5 -> 1.7165468 | L5: =VLOOKUP(A5,[1]總表!$A:$L,5,FALSE) -> Active | M5: =VLOOKUP(A5,[1]總表!$A:$M,13,FALSE) -> 專案延遲 254 天 | N5: =IF(VLOOKUP(A5,[1]PLM014!$B:$R,17,FALSE)=0,"",VLOOKUP(A5,[1]PLM014!$B:$R,17,FALSE)) -> 45700
A6: D250702R1 | B6: =VLOOKUP(A6,[1]總表!$A:$L,2,FALSE) -> 2025年度-硬體模組化專案 | C6: =VLOOKUP(A6,[1]總表!$A:$L,3,FALSE) -> 研二部 | D6: =VLOOKUP(A6,[1]總表!$A:$L,4,FALSE) -> 黃胤綸 | E6: =VLOOKUP(A6,[1]總表!$A:$L,6,FALSE) -> 45657.667 | F6: =VLOOKUP(A6,[1]總表!$A:$L,7,FALSE) -> 46021.667 | G6: =VLOOKUP(A6,[1]總表!$A:$L,8,FALSE) -> 45847 | H6: =VLOOKUP(A6,[1]總表!$A:$L,9,FALSE) | I6: =VLOOKUP(A6,[1]專案進度表!$B:$DL,20,FALSE) -> 488 | J6: =VLOOKUP(A6,[1]專案進度表!$B:$DV,21,FALSE) -> 576 | K6: =J6/I6 -> 1.1803279 | L6: =VLOOKUP(A6,[1]總表!$A:$L,5,FALSE) -> Active | M6: =VLOOKUP(A6,[1]總表!$A:$M,13,FALSE) -> 專案延遲 9 天 | N6: =IF(VLOOKUP(A6,[1]PLM014!$B:$R,17,FALSE)=0,"",VLOOKUP(A6,[1]PLM014!$B:$R,17,FALSE))
A7: D250703R1 | B7: =VLOOKUP(A7,[1]總表!$A:$L,2,FALSE) -> EPH連板電測治具 | C7: =VLOOKUP(A7,[1]總表!$A:$L,3,FALSE) -> 研發一處 | D7: =VLOOKUP(A7,[1]總表!$A:$L,4,FALSE) -> 賴慶樺 | E7: =VLOOKUP(A7,[1]總表!$A:$L,6,FALSE) -> 45862.667 | F7: =VLOOKUP(A7,[1]總表!$A:$L,7,FALSE) -> 46051.667 | G7: =VLOOKUP(A7,[1]總表!$A:$L,8,FALSE) -> 45866 | H7: =VLOOKUP(A7,[1]總表!$A:$L,9,FALSE) | I7: =VLOOKUP(A7,[1]專案進度表!$B:$DL,20,FALSE) -> 未登入 | J7: =VLOOKUP(A7,[1]專案進度表!$B:$DV,21,FALSE) -> 56 | K7: =J7/I7 -> #VALUE! | L7: =VLOOKUP(A7,[1]總表!$A:$L,5,FALSE) -> Active | M7: =VLOOKUP(A7,[1]總表!$A:$M,13,FALSE) -> 專案即將異常 | N7: =IF(VLOOKUP(A7,[1]PLM014!$B:$R,17,FALSE)=0,"",VLOOKUP(A7,[1]PLM014!$B:$R,17,FALSE))
A8: D250802R1 | B8: =VLOOKUP(A8,[1]總表!$A:$L,2,FALSE) -> 申請量桶量槽製作資格 | C8: =VLOOKUP(A8,[1]總表!$A:$L,3,FALSE) -> 研一部 | D8: =VLOOKUP(A8,[1]總表!$A:$L,4,FALSE) -> 何昆達 | E8: =VLOOKUP(A8,[1]總表!$A:$L,6,FALSE) -> 45886.667 | F8: =VLOOKUP(A8,[1]總表!$A:$L,7,FALSE) -> 46049.667 | G8: =VLOOKUP(A8,[1]總表!$A:$L,8,FALSE) -> 45887 | H8: =VLOOKUP(A8,[1]總表!$A:$L,9,FALSE) | I8: =VLOOKUP(A8,[1]專案進度表!$B:$DL,20,FALSE) -> 184 | J8: =VLOOKUP(A8,[1]專案進度表!$B:$DV,21,FALSE) -> 154.1 | K8: =J8/I8 -> 0.8375 | L8: =VLOOKUP(A8,[1]總表!$A:$L,5,FALSE) -> Active | M8: =VLOOKUP(A8,[1]總表!$A:$M,13,FALSE) | N8: =IF(VLOOKUP(A8,[1]PLM014!$B:$R,17,FALSE)=0,"",VLOOKUP(A8,[1]PLM014!$B:$R,17,FALSE))
A9: D250803R1 | B9: =VLOOKUP(A9,[1]總表!$A:$L,2,FALSE) -> 台大超音波探頭貼合技術技轉案 | C9: =VLOOKUP(A9,[1]總表!$A:$L,3,FALSE) -> 研三部 | D9: =VLOOKUP(A9,[1]總表!$A:$L,4,FALSE) -> 陳俊儒 | E9: =VLOOKUP(A9,[1]總表!$A:$L,6,FALSE) -> 45900.667 | F9: =VLOOKUP(A9,[1]總表!$A:$L,7,FALSE) -> 45988.667 | G9: =VLOOKUP(A9,[1]總表!$A:$L,8,FALSE) -> 45939 | H9: =VLOOKUP(A9,[1]總表!$A:$L,9,FALSE) | I9: =VLOOKUP(A9,[1]專案進度表!$B:$DL,20,FALSE) -> 未登入 | J9: =VLOOKUP(A9,[1]專案進度表!$B:$DV,21,FALSE) -> 221.5 | K9: =J9/I9 -> #VALUE! | L9: =VLOOKUP(A9,[1]總表!$A:$L,5,FALSE) -> Active | M9: =VLOOKUP(A9,[1]總表!$A:$M,13,FALSE) | N9: =IF(VLOOKUP(A9,[1]PLM014!$B:$R,17,FALSE)=0,"",VLOOKUP(A9,[1]PLM014!$B:$R,17,FALSE))
A10: K240801R2 | B10: =VLOOKUP(A10,[1]總表!$A:$L,2,FALSE) -> PCB濕製程用插入式壓力感測器 | C10: =VLOOKUP(A10,[1]總表!$A:$L,3,FALSE) -> 研一部 | D10: =VLOOKUP(A10,[1]總表!$A:$L,4,FALSE) -> 張良琪 | E10: =VLOOKUP(A10,[1]總表!$A:$L,6,FALSE) -> 45641.667 | F10: =VLOOKUP(A10,[1]總表!$A:$L,7,FALSE) -> 45807.667 | G10: =VLOOKUP(A10,[1]總表!$A:$L,8,FALSE) -> 45524 | H10: =VLOOKUP(A10,[1]總表!$A:$L,9,FALSE) | I10: =VLOOKUP(A10,[1]專案進度表!$B:$DL,20,FALSE) -> 798 | J10: =VLOOKUP(A10,[1]專案進度表!$B:$DV,21,FALSE) -> 2627.2 | K10: =J10/I10 -> 3.2922306 | L10: =VLOOKUP(A10,[1]總表!$A:$L,5,FALSE) -> Active | M10: =VLOOKUP(A10,[1]總表!$A:$M,13,FALSE) -> 專案延遲 223 天 | N10: =IF(VLOOKUP(A10,[1]PLM014!$B:$R,17,FALSE)=0,"",VLOOKUP(A10,[1]PLM014!$B:$R,17,FALSE)) -> 45709
A11: K250501R1 | B11: =VLOOKUP(A11,[1]總表!$A:$L,2,FALSE) -> C級奧多曼電子水表先期研究 | C11: =VLOOKUP(A11,[1]總表!$A:$L,3,FALSE) -> 產品開發 | D11: =VLOOKUP(A11,[1]總表!$A:$L,4,FALSE) -> 鄭貫中 | E11: =VLOOKUP(A11,[1]總表!$A:$L,6,FALSE) -> 45816.667 | F11: =VLOOKUP(A11,[1]總表!$A:$L,7,FALSE) -> 45883.667 | G11: =VLOOKUP(A11,[1]總表!$A:$L,8,FALSE) -> 45811 | H11: =VLOOKUP(A11,[1]總表!$A:$L,9,FALSE) | I11: =VLOOKUP(A11,[1]專案進度表!$B:$DL,20,FALSE) -> 462 | J11: =VLOOKUP(A11,[1]專案進度表!$B:$DV,21,FALSE) -> 816 | K11: =J11/I11 -> 1.7662338 | L11: =VLOOKUP(A11,[1]總表!$A:$L,5,FALSE) -> Active | M11: =VLOOKUP(A11,[1]總表!$A:$M,13,FALSE) -> 專案延遲 147 天 | N11: =IF(VLOOKUP(A11,[1]PLM014!$B:$R,17,FALSE)=0,"",VLOOKUP(A11,[1]PLM014!$B:$R,17,FALSE))
A12: K250501R2 | B12: =VLOOKUP(A12,[1]總表!$A:$L,2,FALSE) -> C級奧多曼電子水量計 | C12: =VLOOKUP(A12,[1]總表!$A:$L,3,FALSE) -> 產品開發 | D12: =VLOOKUP(A12,[1]總表!$A:$L,4,FALSE) -> 鄭貫中 | E12: =VLOOKUP(A12,[1]總表!$A:$L,6,FALSE) -> 46001.667 | F12: =VLOOKUP(A12,[1]總表!$A:$L,7,FALSE) -> 46324.667 | G12: =VLOOKUP(A12,[1]總表!$A:$L,8,FALSE) | H12: =VLOOKUP(A12,[1]總表!$A:$L,9,FALSE) | I12: =VLOOKUP(A12,[1]專案進度表!$B:$DL,20,FALSE) -> 461 | J12: =VLOOKUP(A12,[1]專案進度表!$B:$DV,21,FALSE) -> 112.5 | K12: =J12/I12 -> 0.24403471 | L12: =VLOOKUP(A12,[1]總表!$A:$L,5,FALSE) -> Active | M12: =VLOOKUP(A12,[1]總表!$A:$M,13,FALSE) | N12: =IF(VLOOKUP(A12,[1]PLM014!$B:$R,17,FALSE)=0,"",VLOOKUP(A12,[1]PLM014!$B:$R,17,FALSE))
A13: K251001R1 | B13: =VLOOKUP(A13,[1]總表!$A:$L,2,FALSE) -> EPH水量計型式認證技術規範CNPA49第4版結構驗證與改善 | C13: =VLOOKUP(A13,[1]總表!$A:$L,3,FALSE) -> 產品開發 | D13: =VLOOKUP(A13,[1]總表!$A:$L,4,FALSE) -> 王瀚霆 | E13: =VLOOKUP(A13,[1]總表!$A:$L,6,FALSE) -> 45985.667 | F13: =VLOOKUP(A13,[1]總表!$A:$L,7,FALSE) -> 46202.667 | G13: =VLOOKUP(A13,[1]總表!$A:$L,8,FALSE) | H13: =VLOOKUP(A13,[1]總表!$A:$L,9,FALSE) | I13: =VLOOKUP(A13,[1]專案進度表!$B:$DL,20,FALSE) -> 558 | J13: =VLOOKUP(A13,[1]專案進度表!$B:$DV,21,FALSE) -> 24.5 | K13: =J13/I13 -> 0.04390681 | L13: =VLOOKUP(A13,[1]總表!$A:$L,5,FALSE) -> Active | M13: =VLOOKUP(A13,[1]總表!$A:$M,13,FALSE) | N13: =IF(VLOOKUP(A13,[1]PLM014!$B:$R,17,FALSE)=0,"",VLOOKUP(A13,[1]PLM014!$B:$R,17,FALSE))
A14: M240704R1 | B14: =VLOOKUP(A14,[1]總表!$A:$L,2,FALSE) -> 一體式夾管超音波流量計(DN25)[RD4] | C14: =VLOOKUP(A14,[1]總表!$A:$L,3,FALSE) -> 研三部 | D14: =VLOOKUP(A14,[1]總表!$A:$L,4,FALSE) -> 陳俊儒 | E14: =VLOOKUP(A14,[1]總表!$A:$L,6,FALSE) -> 45536.667 | F14: =VLOOKUP(A14,[1]總表!$A:$L,7,FALSE) -> 45755.667 | G14: =VLOOKUP(A14,[1]總表!$A:$L,8,FALSE) -> 45537 | H14: =VLOOKUP(A14,[1]總表!$A:$L,9,FALSE) | I14: =VLOOKUP(A14,[1]專案進度表!$B:$DL,20,FALSE) -> 1792 | J14: =VLOOKUP(A14,[1]專案進度表!$B:$DV,21,FALSE) -> 7233.1 | K14: =J14/I14 -> 4.0363281 | L14: =VLOOKUP(A14,[1]總表!$A:$L,5,FALSE) -> Active | M14: =VLOOKUP(A14,[1]總表!$A:$M,13,FALSE) -> 專案延遲 275 天 | N14: =IF(VLOOKUP(A14,[1]PLM014!$B:$R,17,FALSE)=0,"",VLOOKUP(A14,[1]PLM014!$B:$R,17,FALSE)) -> 45695
A15: M240804R1 | B15: =VLOOKUP(A15,[1]總表!$A:$L,2,FALSE) -> PVD二口二位閥展型(DN15、DN20) | C15: =VLOOKUP(A15,[1]總表!$A:$L,3,FALSE) -> 產品開發 | D15: =VLOOKUP(A15,[1]總表!$A:$L,4,FALSE) -> 葉宏政 | E15: =VLOOKUP(A15,[1]總表!$A:$L,6,FALSE) -> 45529.667 | F15: =VLOOKUP(A15,[1]總表!$A:$L,7,FALSE) -> 45896.667 | G15: =VLOOKUP(A15,[1]總表!$A:$L,8,FALSE) -> 45531 | H15: =VLOOKUP(A15,[1]總表!$A:$L,9,FALSE) | I15: =VLOOKUP(A15,[1]專案進度表!$B:$DL,20,FALSE) -> 510 | J15: =VLOOKUP(A15,[1]專案進度表!$B:$DV,21,FALSE) -> 1298.5 | K15: =J15/I15 -> 2.5460784 | L15: =VLOOKUP(A15,[1]總表!$A:$L,5,FALSE) -> Active | M15: =VLOOKUP(A15,[1]總表!$A:$M,13,FALSE) -> 專案延遲 134 天 | N15: =IF(VLOOKUP(A15,[1]PLM014!$B:$R,17,FALSE)=0,"",VLOOKUP(A15,[1]PLM014!$B:$R,17,FALSE)) -> 45841
... A21: M251201R1 | B21: =VLOOKUP(A21,[1]總表!$A:$L,2,FALSE) -> 緊湊型渦街流量計導入專案 | C21: =VLOOKUP(A21,[1]總表!$A:$L,3,FALSE) -> 研一部 | D21: =VLOOKUP(A21,[1]總表!$A:$L,4,FALSE) -> 陳奕宏 | E21: =VLOOKUP(A21,[1]總表!$A:$L,6,FALSE) -> 46005.667 | F21: =VLOOKUP(A21,[1]總表!$A:$L,7,FALSE) -> 46079.667 | G21: =VLOOKUP(A21,[1]總表!$A:$L,8,FALSE) | H21: =VLOOKUP(A21,[1]總表!$A:$L,9,FALSE) | I21: =VLOOKUP(A21,[1]專案進度表!$B:$DL,20,FALSE) -> 278 | J21: =VLOOKUP(A21,[1]專案進度表!$B:$DV,21,FALSE) -> 0 | K21: =J21/I21 -> 0 | L21: =VLOOKUP(A21,[1]總表!$A:$L,5,FALSE) -> Active | M21: =VLOOKUP(A21,[1]總表!$A:$M,13,FALSE) -> 專案即將異常 | N21: =IF(VLOOKUP(A21,[1]PLM014!$B:$R,17,FALSE)=0,"",VLOOKUP(A21,[1]PLM014!$B:$R,17,FALSE)) -> 46062
A24: 工況試煉
A25: 專案編號 | B25: 專案名稱 | C25: 專案負責人 | D25: 開始工況試煉日期 | E25: 實際結束工況試煉日期 | F25: 狀態 (Active/Closed) | G25: 進度說明 (工況試煉進度 ; 工況試煉期間所遇問題)
A31: 重要交辦事項
A32: Item | B32: 工作項目 | C32: 負責人員 | D32: 實際開始時間 | E32: 實際結束時間 | F32: 狀態 (Active/Closed) | G32: 進度說明
A38: (週) 部門專案設計投入度
A39: 人員 | B39: 職級 | C39: 專案百分比 | D39: 非專案百分比 | E39: 異常說明
A40: 張良琪 | B40: =VLOOKUP(A40,[1]研發處人員資料!$B:$G,6,FALSE) -> 副理 | C40: =IFERROR(VLOOKUP(A40,工時統計細目!$B:$D,2,FALSE),"") | D40: =IFERROR(VLOOKUP(A40,工時統計細目!$B:$D,3,FALSE),"")
A41: 何昆達 | B41: =VLOOKUP(A41,[1]研發處人員資料!$B:$G,6,FALSE) -> 主任工程師 | C41: =IFERROR(VLOOKUP(A41,工時統計細目!$B:$D,2,FALSE),"") -> 0.15625 | D41: =IFERROR(VLOOKUP(A41,工時統計細目!$B:$D,3,FALSE),"") -> 0.84375
A42: 鄭珅易 | B42: =VLOOKUP(A42,[1]研發處人員資料!$B:$G,6,FALSE) -> 助理工程師 | C42: =IFERROR(VLOOKUP(A42,工時統計細目!$B:$D,2,FALSE),"") -> 1 | D42: =IFERROR(VLOOKUP(A42,工時統計細目!$B:$D,3,FALSE),"") -> 0
A43: 陳奕宏 | B43: =VLOOKUP(A43,[1]研發處人員資料!$B:$G,6,FALSE) -> 高級工程師 | C43: =IFERROR(VLOOKUP(A43,工時統計細目!$B:$D,2,FALSE),"") -> 1 | D43: =IFERROR(VLOOKUP(A43,工時統計細目!$B:$D,3,FALSE),"") -> 0
A44: 劉益瑋 | B44: =VLOOKUP(A44,[1]研發處人員資料!$B:$G,6,FALSE) -> 助理工程師 | C44: =IFERROR(VLOOKUP(A44,工時統計細目!$B:$D,2,FALSE),"") -> 1 | D44: =IFERROR(VLOOKUP(A44,工時統計細目!$B:$D,3,FALSE),"") -> 0
A46: 部門 投入專案/非專案佔比 | C46: =AVERAGE(C40:C45) -> 0.7890625 | D46: =AVERAGE(D40:D45) -> 0.2109375

Sheet 專案參與成員投入工時
A2: 查詢日期
A3: 開始日期 | B3: 46023
A4: 結束日期 | B4: 46029
A5: (週) 部門專案設計投入工時
A6: 專案編號 | B6: 專案名稱 | C6: 部門 | D6: 專案狀態 | E6: 設計工時 | H6: 張良琪 | L6: 何昆達 | P6: 鄭珅易 | T6: 陳奕宏 | X6: 劉益瑋
H7: 副理 | L7: 主任工程師 | P7: 助理工程師 | T7: 高級工程師 | X7: 助理工程師
E8: 預計 | F8: 實際 | G8: 實際/預計 | H8: 預計 | I8: 上次實際 | J8: 本週 增加 | K8: 實際 | L8: 預計 | M8: 上次實際 | N8: 本週 增加 | O8: 實際 | P8: 預計 | Q8: 上次實際 | R8: 本週 增加 | S8: 實際 | T8: 預計 | U8: 上次實際 | V8: 本週 增加 | W8: 實際 | X8: 預計 | Y8: 上次實際 | Z8: 本週 增加 | AA8: 實際
A9: D240902R1 | B9: =VLOOKUP(A9,[1]專案進度表!B:DV,2,FALSE) -> EPH結構改善與提升生產良率 | C9: =VLOOKUP(A9,[1]總表!$A:$L,3,FALSE) -> 產品開發 | D9: =VLOOKUP(A9,[1]總表!$A:$L,5,FALSE) -> Active | E9: =SUMIF($H$8:$O$8,E$8,H9:O9) -> 80 | F9: =SUMIF($H$8:$O$8,F$8,H9:O9) -> 0 | G9: =F9/E9 -> 0 | H9: =SUMIFS('[1]PLM001-財務計算用'!$P:$P,'[1]PLM001-財務計算用'!$N:$N,"<"&$B$4,'[1]PLM001-財務計算用'!$A:$A,$A9,'[1]PLM001-財務計算用'!$J:$J,H$6) -> 0 | I9: =SUMIFS([1]PLM002!$K:$K,[1]PLM002!$J:$J,"<"&$B$3,[1]PLM002!$F:$F,$A9,[1]PLM002!$C:$C,H$6) -> 0 | J9: =SUMIFS([1]PLM002!$K:$K,[1]PLM002!$J:$J,">="&$B$3,[1]PLM002!$J:$J,"<="&$B$4,[1]PLM002!$F:$F,$A9,[1]PLM002!$C:$C,H$6) -> 0 | K9: =I9+J9 -> 0 | L9: =SUMIFS('[1]PLM001-財務計算用'!$P:$P,'[1]PLM001-財務計算用'!$N:$N,"<"&$B$4,'[1]PLM001-財務計算用'!$A:$A,$A9,'[1]PLM001-財務計算用'!$J:$J,L$6) -> 80 | M9: =SUMIFS([1]PLM002!$K:$K,[1]PLM002!$J:$J,"<"&$B$3,[1]PLM002!$F:$F,$A9,[1]PLM002!$C:$C,L$6) -> 0 | N9: =SUMIFS([1]PLM002!$K:$K,[1]PLM002!$J:$J,">="&$B$3,[1]PLM002!$J:$J,"<="&$B$4,[1]PLM002!$F:$F,$A9,[1]PLM002!$C:$C,L$6) -> 0 | O9: =M9+N9 -> 0 | P9: =SUMIFS('[1]PLM001-財務計算用'!$P:$P,'[1]PLM001-財務計算用'!$N:$N,"<"&$B$4,'[1]PLM001-財務計算用'!$A:$A,$A9,'[1]PLM001-財務計算用'!$J:$J,P$6) -> 0 | Q9: =SUMIFS([1]PLM002!$K:$K,[1]PLM002!$J:$J,"<"&$B$3,[1]PLM002!$F:$F,$A9,[1]PLM002!$C:$C,P$6) -> 0 | R9: =SUMIFS([1]PLM002!$K:$K,[1]PLM002!$J:$J,">="&$B$3,[1]PLM002!$J:$J,"<="&$B$4,[1]PLM002!$F:$F,$A9,[1]PLM002!$C:$C,P$6) -> 0 | S9: =Q9+R9 -> 0 | T9: =SUMIFS('[1]PLM001-財務計算用'!$P:$P,'[1]PLM001-財務計算用'!$N:$N,"<"&$B$4,'[1]PLM001-財務計算用'!$A:$A,$A9,'[1]PLM001-財務計算用'!$J:$J,T$6) -> 0 | U9: =SUMIFS([1]PLM002!$K:$K,[1]PLM002!$J:$J,"<"&$B$3,[1]PLM002!$F:$F,$A9,[1]PLM002!$C:$C,T$6) -> 0 | V9: =SUMIFS([1]PLM002!$K:$K,[1]PLM002!$J:$J,">="&$B$3,[1]PLM002!$J:$J,"<="&$B$4,[1]PLM002!$F:$F,$A9,[1]PLM002!$C:$C,T$6) -> 0 | W9: =U9+V9 -> 0 | X9: =SUMIFS('[1]PLM001-財務計算用'!$P:$P,'[1]PLM001-財務計算用'!$N:$N,"<"&$B$4,'[1]PLM001-財務計算用'!$A:$A,$A9,'[1]PLM001-財務計算用'!$J:$J,X$6) -> 0 | Y9: =SUMIFS([1]PLM002!$K:$K,[1]PLM002!$J:$J,"<"&$B$3,[1]PLM002!$F:$F,$A9,[1]PLM002!$C:$C,X$6) -> 0 | Z9: =SUMIFS([1]PLM002!$K:$K,[1]PLM002!$J:$J,">="&$B$3,[1]PLM002!$J:$J,"<="&$B$4,[1]PLM002!$F:$F,$A9,[1]PLM002!$C:$C,X$6) -> 0 | AA9: =Y9+Z9 -> 0
A10: D250101R1 | B10: =VLOOKUP(A10,[1]專案進度表!B:DV,2,FALSE) -> AI冷卻系統數位通訊溫度偵測器 | C10: =VLOOKUP(A10,[1]總表!$A:$L,3,FALSE) -> 研二部 | D10: =VLOOKUP(A10,[1]總表!$A:$L,5,FALSE) -> Active | E10: =SUMIF($H$8:$O$8,E$8,H10:O10) -> 0 | F10: =SUMIF($H$8:$O$8,F$8,H10:O10) -> 0 | G10: =F10/E10 -> #DIV/0! | H10: =SUMIFS('[1]PLM001-財務計算用'!$P:$P,'[1]PLM001-財務計算用'!$N:$N,"<"&$B$4,'[1]PLM001-財務計算用'!$A:$A,$A10,'[1]PLM001-財務計算用'!$J:$J,H$6) -> 0 | I10: =SUMIFS([1]PLM002!$K:$K,[1]PLM002!$J:$J,"<"&$B$3,[1]PLM002!$F:$F,$A10,[1]PLM002!$C:$C,H$6) -> 0 | J10: =SUMIFS([1]PLM002!$K:$K,[1]PLM002!$J:$J,">="&$B$3,[1]PLM002!$J:$J,"<="&$B$4,[1]PLM002!$F:$F,$A10,[1]PLM002!$C:$C,H$6) -> 0 | K10: =I10+J10 -> 0 | L10: =SUMIFS('[1]PLM001-財務計算用'!$P:$P,'[1]PLM001-財務計算用'!$N:$N,"<"&$B$4,'[1]PLM001-財務計算用'!$A:$A,$A10,'[1]PLM001-財務計算用'!$J:$J,L$6) -> 0 | M10: =SUMIFS([1]PLM002!$K:$K,[1]PLM002!$J:$J,"<"&$B$3,[1]PLM002!$F:$F,$A10,[1]PLM002!$C:$C,L$6) -> 0 | N10: =SUMIFS([1]PLM002!$K:$K,[1]PLM002!$J:$J,">="&$B$3,[1]PLM002!$J:$J,"<="&$B$4,[1]PLM002!$F:$F,$A10,[1]PLM002!$C:$C,L$6) -> 0 | O10: =M10+N10 -> 0 | P10: =SUMIFS('[1]PLM001-財務計算用'!$P:$P,'[1]PLM001-財務計算用'!$N:$N,"<"&$B$4,'[1]PLM001-財務計算用'!$A:$A,$A10,'[1]PLM001-財務計算用'!$J:$J,P$6) -> 0 | Q10: =SUMIFS([1]PLM002!$K:$K,[1]PLM002!$J:$J,"<"&$B$3,[1]PLM002!$F:$F,$A10,[1]PLM002!$C:$C,P$6) -> 0 | R10: =SUMIFS([1]PLM002!$K:$K,[1]PLM002!$J:$J,">="&$B$3,[1]PLM002!$J:$J,"<="&$B$4,[1]PLM002!$F:$F,$A10,[1]PLM002!$C:$C,P$6) -> 0 | S10: =Q10+R10 -> 0 | T10: =SUMIFS('[1]PLM001-財務計算用'!$P:$P,'[1]PLM001-財務計算用'!$N:$N,"<"&$B$4,'[1]PLM001-財務計算用'!$A:$A,$A10,'[1]PLM001-財務計算用'!$J:$J,T$6) -> 0 | U10: =SUMIFS([1]PLM002!$K:$K,[1]PLM002!$J:$J,"<"&$B$3,[1]PLM002!$F:$F,$A10,[1]PLM002!$C:$C,T$6) -> 0 | V10: =SUMIFS([1]PLM002!$K:$K,[1]PLM002!$J:$J,">="&$B$3,[1]PLM002!$J:$J,"<="&$B$4,[1]PLM002!$F:$F,$A10,[1]PLM002!$C:$C,T$6) -> 0 | W10: =U10+V10 -> 0 | X10: =SUMIFS('[1]PLM001-財務計算用'!$P:$P,'[1]PLM001-財務計算用'!$N:$N,"<"&$B$4,'[1]PLM001-財務計算用'!$A:$A,$A10,'[1]PLM001-財務計算用'!$J:$J,X$6) -> 0 | Y10: =SUMIFS([1]PLM002!$K:$K,[1]PLM002!$J:$J,"<"&$B$3,[1]PLM002!$F:$F,$A10,[1]PLM002!$C:$C,X$6) -> 0 | Z10: =SUMIFS([1]PLM002!$K:$K,[1]PLM002!$J:$J,">="&$B$3,[1]PLM002!$J:$J,"<="&$B$4,[1]PLM002!$F:$F,$A10,[1]PLM002!$C:$C,X$6) -> 0 | AA10: =Y10+Z10 -> 0
A11: D250702R1 | B11: =VLOOKUP(A11,[1]專案進度表!B:DV,2,FALSE) -> 2025年度-硬體模組化專案 | C11: =VLOOKUP(A11,[1]總表!$A:$L,3,FALSE) -> 研二部 | D11: =VLOOKUP(A11,[1]總表!$A:$L,5,FALSE) -> Active | E11: =SUMIF($H$8:$O$8,E$8,H11:O11) -> 40 | F11: =SUMIF($H$8:$O$8,F$8,H11:O11) -> 4 | G11: =F11/E11 -> 0.1 | H11: =SUMIFS('[1]PLM001-財務計算用'!$P:$P,'[1]PLM001-財務計算用'!$N:$N,"<"&$B$4,'[1]PLM001-財務計算用'!$A:$A,$A11,'[1]PLM001-財務計算用'!$J:$J,H$6) -> 0 | I11: =SUMIFS([1]PLM002!$K:$K,[1]PLM002!$J:$J,"<"&$B$3,[1]PLM002!$F:$F,$A11,[1]PLM002!$C:$C,H$6) -> 0 | J11: =SUMIFS([1]PLM002!$K:$K,[1]PLM002!$J:$J,">="&$B$3,[1]PLM002!$J:$J,"<="&$B$4,[1]PLM002!$F:$F,$A11,[1]PLM002!$C:$C,H$6) -> 0 | K11: =I11+J11 -> 0 | L11: =SUMIFS('[1]PLM001-財務計算用'!$P:$P,'[1]PLM001-財務計算用'!$N:$N,"<"&$B$4,'[1]PLM001-財務計算用'!$A:$A,$A11,'[1]PLM001-財務計算用'!$J:$J,L$6) -> 40 | M11: =SUMIFS([1]PLM002!$K:$K,[1]PLM002!$J:$J,"<"&$B$3,[1]PLM002!$F:$F,$A11,[1]PLM002!$C:$C,L$6) -> 4 | N11: =SUMIFS([1]PLM002!$K:$K,[1]PLM002!$J:$J,">="&$B$3,[1]PLM002!$J:$J,"<="&$B$4,[1]PLM002!$F:$F,$A11,[1]PLM002!$C:$C,L$6) -> 0 | O11: =M11+N11 -> 4 | P11: =SUMIFS('[1]PLM001-財務計算用'!$P:$P,'[1]PLM001-財務計算用'!$N:$N,"<"&$B$4,'[1]PLM001-財務計算用'!$A:$A,$A11,'[1]PLM001-財務計算用'!$J:$J,P$6) -> 40 | Q11: =SUMIFS([1]PLM002!$K:$K,[1]PLM002!$J:$J,"<"&$B$3,[1]PLM002!$F:$F,$A11,[1]PLM002!$C:$C,P$6) -> 32 | R11: =SUMIFS([1]PLM002!$K:$K,[1]PLM002!$J:$J,">="&$B$3,[1]PLM002!$J:$J,"<="&$B$4,[1]PLM002!$F:$F,$A11,[1]PLM002!$C:$C,P$6) -> 0 | S11: =Q11+R11 -> 32 | T11: =SUMIFS('[1]PLM001-財務計算用'!$P:$P,'[1]PLM001-財務計算用'!$N:$N,"<"&$B$4,'[1]PLM001-財務計算用'!$A:$A,$A11,'[1]PLM001-財務計算用'!$J:$J,T$6) -> 40 | U11: =SUMIFS([1]PLM002!$K:$K,[1]PLM002!$J:$J,"<"&$B$3,[1]PLM002!$F:$F,$A11,[1]PLM002!$C:$C,T$6) -> 33 | V11: =SUMIFS([1]PLM002!$K:$K,[1]PLM002!$J:$J,">="&$B$3,[1]PLM002!$J:$J,"<="&$B$4,[1]PLM002!$F:$F,$A11,[1]PLM002!$C:$C,T$6) -> 0 | W11: =U11+V11 -> 33 | X11: =SUMIFS('[1]PLM001-財務計算用'!$P:$P,'[1]PLM001-財務計算用'!$N:$N,"<"&$B$4,'[1]PLM001-財務計算用'!$A:$A,$A11,'[1]PLM001-財務計算用'!$J:$J,X$6) -> 0 | Y11: =SUMIFS([1]PLM002!$K:$K,[1]PLM002!$J:$J,"<"&$B$3,[1]PLM002!$F:$F,$A11,[1]PLM002!$C:$C,X$6) -> 0 | Z11: =SUMIFS([1]PLM002!$K:$K,[1]PLM002!$J:$J,">="&$B$3,[1]PLM002!$J:$J,"<="&$B$4,[1]PLM002!$F:$F,$A11,[1]PLM002!$C:$C,X$6) -> 0 | AA11: =Y11+Z11 -> 0
A12: D250703R1 | B12: =VLOOKUP(A12,[1]專案進度表!B:DV,2,FALSE) -> EPH連板電測治具 | C12: =VLOOKUP(A12,[1]總表!$A:$L,3,FALSE) -> 研發一處 | D12: =VLOOKUP(A12,[1]總表!$A:$L,5,FALSE) -> Active | E12: =SUMIF($H$8:$O$8,E$8,H12:O12) -> 0 | F12: =SUMIF($H$8:$O$8,F$8,H12:O12) -> 0 | G12: =F12/E12 -> #DIV/0! | H12: =SUMIFS('[1]PLM001-財務計算用'!$P:$P,'[1]PLM001-財務計算用'!$N:$N,"<"&$B$4,'[1]PLM001-財務計算用'!$A:$A,$A12,'[1]PLM001-財務計算用'!$J:$J,H$6) -> 0 | I12: =SUMIFS([1]PLM002!$K:$K,[1]PLM002!$J:$J,"<"&$B$3,[1]PLM002!$F:$F,$A12,[1]PLM002!$C:$C,H$6) -> 0 | J12: =SUMIFS([1]PLM002!$K:$K,[1]PLM002!$J:$J,">="&$B$3,[1]PLM002!$J:$J,"<="&$B$4,[1]PLM002!$F:$F,$A12,[1]PLM002!$C:$C,H$6) -> 0 | K12: =I12+J12 -> 0 | L12: =SUMIFS('[1]PLM001-財務計算用'!$P:$P,'[1]PLM001-財務計算用'!$N:$N,"<"&$B$4,'[1]PLM001-財務計算用'!$A:$A,$A12,'[1]PLM001-財務計算用'!$J:$J,L$6) -> 0 | M12: =SUMIFS([1]PLM002!$K:$K,[1]PLM002!$J:$J,"<"&$B$3,[1]PLM002!$F:$F,$A12,[1]PLM002!$C:$C,L$6) -> 0 | N12: =SUMIFS([1]PLM002!$K:$K,[1]PLM002!$J:$J,">="&$B$3,[1]PLM002!$J:$J,"<="&$B$4,[1]PLM002!$F:$F,$A12,[1]PLM002!$C:$C,L$6) -> 0 | O12: =M12+N12 -> 0 | P12: =SUMIFS('[1]PLM001-財務計算用'!$P:$P,'[1]PLM001-財務計算用'!$N:$N,"<"&$B$4,'[1]PLM001-財務計算用'!$A:$A,$A12,'[1]PLM001-財務計算用'!$J:$J,P$6) -> 0 | Q12: =SUMIFS([1]PLM002!$K:$K,[1]PLM002!$J:$J,"<"&$B$3,[1]PLM002!$F:$F,$A12,[1]PLM002!$C:$C,P$6) -> 0 | R12: =SUMIFS([1]PLM002!$K:$K,[1]PLM002!$J:$J,">="&$B$3,[1]PLM002!$J:$J,"<="&$B$4,[1]PLM002!$F:$F,$A12,[1]PLM002!$C:$C,P$6) -> 0 | S12: =Q12+R12 -> 0 | T12: =SUMIFS('[1]PLM001-財務計算用'!$P:$P,'[1]PLM001-財務計算用'!$N:$N,"<"&$B$4,'[1]PLM001-財務計算用'!$A:$A,$A12,'[1]PLM001-財務計算用'!$J:$J,T$6) -> 0 | U12: =SUMIFS([1]PLM002!$K:$K,[1]PLM002!$J:$J,"<"&$B$3,[1]PLM002!$F:$F,$A12,[1]PLM002!$C:$C,T$6) -> 0 | V12: =SUMIFS([1]PLM002!$K:$K,[1]PLM002!$J:$J,">="&$B$3,[1]PLM002!$J:$J,"<="&$B$4,[1]PLM002!$F:$F,$A12,[1]PLM002!$C:$C,T$6) -> 0 | W12: =U12+V12 -> 0 | X12: =SUMIFS('[1]PLM001-財務計算用'!$P:$P,'[1]PLM001-財務計算用'!$N:$N,"<"&$B$4,'[1]PLM001-財務計算用'!$A:$A,$A12,'[1]PLM001-財務計算用'!$J:$J,X$6) -> 0 | Y12: =SUMIFS([1]PLM002!$K:$K,[1]PLM002!$J:$J,"<"&$B$3,[1]PLM002!$F:$F,$A12,[1]PLM002!$C:$C,X$6) -> 0 | Z12: =SUMIFS([1]PLM002!$K:$K,[1]PLM002!$J:$J,">="&$B$3,[1]PLM002!$J:$J,"<="&$B$4,[1]PLM002!$F:$F,$A12,[1]PLM002!$C:$C,X$6) -> 0 | AA12: =Y12+Z12 -> 0
A13: D250802R1 | B13: =VLOOKUP(A13,[1]專案進度表!B:DV,2,FALSE) -> 申請量桶量槽製作資格 | C13: =VLOOKUP(A13,[1]總表!$A:$L,3,FALSE) -> 研一部 | D13: =VLOOKUP(A13,[1]總表!$A:$L,5,FALSE) -> Active | E13: =SUMIF($H$8:$O$8,E$8,H13:O13) -> 144 | F13: =SUMIF($H$8:$O$8,F$8,H13:O13) -> 154.1 | G13: =F13/E13 -> 1.0701389 | H13: =SUMIFS('[1]PLM001-財務計算用'!$P:$P,'[1]PLM001-財務計算用'!$N:$N,"<"&$B$4,'[1]PLM001-財務計算用'!$A:$A,$A13,'[1]PLM001-財務計算用'!$J:$J,H$6) -> 0 | I13: =SUMIFS([1]PLM002!$K:$K,[1]PLM002!$J:$J,"<"&$B$3,[1]PLM002!$F:$F,$A13,[1]PLM002!$C:$C,H$6) -> 16.1 | J13: =SUMIFS([1]PLM002!$K:$K,[1]PLM002!$J:$J,">="&$B$3,[1]PLM002!$J:$J,"<="&$B$4,[1]PLM002!$F:$F,$A13,[1]PLM002!$C:$C,H$6) -> 0 | K13: =I13+J13 -> 16.1 | L13: =SUMIFS('[1]PLM001-財務計算用'!$P:$P,'[1]PLM001-財務計算用'!$N:$N,"<"&$B$4,'[1]PLM001-財務計算用'!$A:$A,$A13,'[1]PLM001-財務計算用'!$J:$J,L$6) -> 144 | M13: =SUMIFS([1]PLM002!$K:$K,[1]PLM002!$J:$J,"<"&$B$3,[1]PLM002!$F:$F,$A13,[1]PLM002!$C:$C,L$6) -> 133 | N13: =SUMIFS([1]PLM002!$K:$K,[1]PLM002!$J:$J,">="&$B$3,[1]PLM002!$J:$J,"<="&$B$4,[1]PLM002!$F:$F,$A13,[1]PLM002!$C:$C,L$6) -> 5 | O13: =M13+N13 -> 138 | P13: =SUMIFS('[1]PLM001-財務計算用'!$P:$P,'[1]PLM001-財務計算用'!$N:$N,"<"&$B$4,'[1]PLM001-財務計算用'!$A:$A,$A13,'[1]PLM001-財務計算用'!$J:$J,P$6) -> 0 | Q13: =SUMIFS([1]PLM002!$K:$K,[1]PLM002!$J:$J,"<"&$B$3,[1]PLM002!$F:$F,$A13,[1]PLM002!$C:$C,P$6) -> 0 | R13: =SUMIFS([1]PLM002!$K:$K,[1]PLM002!$J:$J,">="&$B$3,[1]PLM002!$J:$J,"<="&$B$4,[1]PLM002!$F:$F,$A13,[1]PLM002!$C:$C,P$6) -> 0 | S13: =Q13+R13 -> 0 | T13: =SUMIFS('[1]PLM001-財務計算用'!$P:$P,'[1]PLM001-財務計算用'!$N:$N,"<"&$B$4,'[1]PLM001-財務計算用'!$A:$A,$A13,'[1]PLM001-財務計算用'!$J:$J,T$6) -> 0 | U13: =SUMIFS([1]PLM002!$K:$K,[1]PLM002!$J:$J,"<"&$B$3,[1]PLM002!$F:$F,$A13,[1]PLM002!$C:$C,T$6) -> 0 | V13: =SUMIFS([1]PLM002!$K:$K,[1]PLM002!$J:$J,">="&$B$3,[1]PLM002!$J:$J,"<="&$B$4,[1]PLM002!$F:$F,$A13,[1]PLM002!$C:$C,T$6) -> 0 | W13: =U13+V13 -> 0 | X13: =SUMIFS('[1]PLM001-財務計算用'!$P:$P,'[1]PLM001-財務計算用'!$N:$N,"<"&$B$4,'[1]PLM001-財務計算用'!$A:$A,$A13,'[1]PLM001-財務計算用'!$J:$J,X$6) -> 0 | Y13: =SUMIFS([1]PLM002!$K:$K,[1]PLM002!$J:$J,"<"&$B$3,[1]PLM002!$F:$F,$A13,[1]PLM002!$C:$C,X$6) -> 0 | Z13: =SUMIFS([1]PLM002!$K:$K,[1]PLM002!$J:$J,">="&$B$3,[1]PLM002!$J:$J,"<="&$B$4,[1]PLM002!$F:$F,$A13,[1]PLM002!$C:$C,X$6) -> 0 | AA13: =Y13+Z13 -> 0
A14: D250803R1 | B14: =VLOOKUP(A14,[1]專案進度表!B:DV,2,FALSE) -> 台大超音波探頭貼合技術技轉案 | C14: =VLOOKUP(A14,[1]總表!$A:$L,3,FALSE) -> 研三部 | D14: =VLOOKUP(A14,[1]總表!$A:$L,5,FALSE) -> Active | E14: =SUMIF($H$8:$O$8,E$8,H14:O14) -> 0 | F14: =SUMIF($H$8:$O$8,F$8,H14:O14) -> 0 | G14: =F14/E14 -> #DIV/0! | H14: =SUMIFS('[1]PLM001-財務計算用'!$P:$P,'[1]PLM001-財務計算用'!$N:$N,"<"&$B$4,'[1]PLM001-財務計算用'!$A:$A,$A14,'[1]PLM001-財務計算用'!$J:$J,H$6) -> 0 | I14: =SUMIFS([1]PLM002!$K:$K,[1]PLM002!$J:$J,"<"&$B$3,[1]PLM002!$F:$F,$A14,[1]PLM002!$C:$C,H$6) -> 0 | J14: =SUMIFS([1]PLM002!$K:$K,[1]PLM002!$J:$J,">="&$B$3,[1]PLM002!$J:$J,"<="&$B$4,[1]PLM002!$F:$F,$A14,[1]PLM002!$C:$C,H$6) -> 0 | K14: =I14+J14 -> 0 | L14: =SUMIFS('[1]PLM001-財務計算用'!$P:$P,'[1]PLM001-財務計算用'!$N:$N,"<"&$B$4,'[1]PLM001-財務計算用'!$A:$A,$A14,'[1]PLM001-財務計算用'!$J:$J,L$6) -> 0 | M14: =SUMIFS([1]PLM002!$K:$K,[1]PLM002!$J:$J,"<"&$B$3,[1]PLM002!$F:$F,$A14,[1]PLM002!$C:$C,L$6) -> 0 | N14: =SUMIFS([1]PLM002!$K:$K,[1]PLM002!$J:$J,">="&$B$3,[1]PLM002!$J:$J,"<="&$B$4,[1]PLM002!$F:$F,$A14,[1]PLM002!$C:$C,L$6) -> 0 | O14: =M14+N14 -> 0 | P14: =SUMIFS('[1]PLM001-財務計算用'!$P:$P,'[1]PLM001-財務計算用'!$N:$N,"<"&$B$4,'[1]PLM001-財務計算用'!$A:$A,$A14,'[1]PLM001-財務計算用'!$J:$J,P$6) -> 0 | Q14: =SUMIFS([1]PLM002!$K:$K,[1]PLM002!$J:$J,"<"&$B$3,[1]PLM002!$F:$F,$A14,[1]PLM002!$C:$C,P$6) -> 0 | R14: =SUMIFS([1]PLM002!$K:$K,[1]PLM002!$J:$J,">="&$B$3,[1]PLM002!$J:$J,"<="&$B$4,[1]PLM002!$F:$F,$A14,[1]PLM002!$C:$C,P$6) -> 0 | S14: =Q14+R14 -> 0 | T14: =SUMIFS('[1]PLM001-財務計算用'!$P:$P,'[1]PLM001-財務計算用'!$N:$N,"<"&$B$4,'[1]PLM001-財務計算用'!$A:$A,$A14,'[1]PLM001-財務計算用'!$J:$J,T$6) -> 0 | U14: =SUMIFS([1]PLM002!$K:$K,[1]PLM002!$J:$J,"<"&$B$3,[1]PLM002!$F:$F,$A14,[1]PLM002!$C:$C,T$6) -> 0 | V14: =SUMIFS([1]PLM002!$K:$K,[1]PLM002!$J:$J,">="&$B$3,[1]PLM002!$J:$J,"<="&$B$4,[1]PLM002!$F:$F,$A14,[1]PLM002!$C:$C,T$6) -> 0 | W14: =U14+V14 -> 0 | X14: =SUMIFS('[1]PLM001-財務計算用'!$P:$P,'[1]PLM001-財務計算用'!$N:$N,"<"&$B$4,'[1]PLM001-財務計算用'!$A:$A,$A14,'[1]PLM001-財務計算用'!$J:$J,X$6) -> 0 | Y14: =SUMIFS([1]PLM002!$K:$K,[1]PLM002!$J:$J,"<"&$B$3,[1]PLM002!$F:$F,$A14,[1]PLM002!$C:$C,X$6) -> 0 | Z14: =SUMIFS([1]PLM002!$K:$K,[1]PLM002!$J:$J,">="&$B$3,[1]PLM002!$J:$J,"<="&$B$4,[1]PLM002!$F:$F,$A14,[1]PLM002!$C:$C,X$6) -> 0 | AA14: =Y14+Z14 -> 0
A15: K240801R2 | B15: =VLOOKUP(A15,[1]專案進度表!B:DV,2,FALSE) -> PCB濕製程用插入式壓力感測器 | C15: =VLOOKUP(A15,[1]總表!$A:$L,3,FALSE) -> 研一部 | D15: =VLOOKUP(A15,[1]總表!$A:$L,5,FALSE) -> Active | E15: =SUMIF($H$8:$O$8,E$8,H15:O15) -> 448 | F15: =SUMIF($H$8:$O$8,F$8,H15:O15) -> 358.4 | G15: =F15/E15 -> 0.8 | H15: =SUMIFS('[1]PLM001-財務計算用'!$P:$P,'[1]PLM001-財務計算用'!$N:$N,"<"&$B$4,'[1]PLM001-財務計算用'!$A:$A,$A15,'[1]PLM001-財務計算用'!$J:$J,H$6) -> 448 | I15: =SUMIFS([1]PLM002!$K:$K,[1]PLM002!$J:$J,"<"&$B$3,[1]PLM002!$F:$F,$A15,[1]PLM002!$C:$C,H$6) -> 254.9 | J15: =SUMIFS([1]PLM002!$K:$K,[1]PLM002!$J:$J,">="&$B$3,[1]PLM002!$J:$J,"<="&$B$4,[1]PLM002!$F:$F,$A15,[1]PLM002!$C:$C,H$6) -> 0 | K15: =I15+J15 -> 254.9 | L15: =SUMIFS('[1]PLM001-財務計算用'!$P:$P,'[1]PLM001-財務計算用'!$N:$N,"<"&$B$4,'[1]PLM001-財務計算用'!$A:$A,$A15,'[1]PLM001-財務計算用'!$J:$J,L$6) -> 0 | M15: =SUMIFS([1]PLM002!$K:$K,[1]PLM002!$J:$J,"<"&$B$3,[1]PLM002!$F:$F,$A15,[1]PLM002!$C:$C,L$6) -> 103.5 | N15: =SUMIFS([1]PLM002!$K:$K,[1]PLM002!$J:$J,">="&$B$3,[1]PLM002!$J:$J,"<="&$B$4,[1]PLM002!$F:$F,$A15,[1]PLM002!$C:$C,L$6) -> 0 | O15: =M15+N15 -> 103.5 | P15: =SUMIFS('[1]PLM001-財務計算用'!$P:$P,'[1]PLM001-財務計算用'!$N:$N,"<"&$B$4,'[1]PLM001-財務計算用'!$A:$A,$A15,'[1]PLM001-財務計算用'!$J:$J,P$6) -> 0 | Q15: =SUMIFS([1]PLM002!$K:$K,[1]PLM002!$J:$J,"<"&$B$3,[1]PLM002!$F:$F,$A15,[1]PLM002!$C:$C,P$6) -> 120 | R15: =SUMIFS([1]PLM002!$K:$K,[1]PLM002!$J:$J,">="&$B$3,[1]PLM002!$J:$J,"<="&$B$4,[1]PLM002!$F:$F,$A15,[1]PLM002!$C:$C,P$6) -> 32 | S15: =Q15+R15 -> 152 | T15: =SUMIFS('[1]PLM001-財務計算用'!$P:$P,'[1]PLM001-財務計算用'!$N:$N,"<"&$B$4,'[1]PLM001-財務計算用'!$A:$A,$A15,'[1]PLM001-財務計算用'!$J:$J,T$6) -> 0 | U15: =SUMIFS([1]PLM002!$K:$K,[1]PLM002!$J:$J,"<"&$B$3,[1]PLM002!$F:$F,$A15,[1]PLM002!$C:$C,T$6) -> 30 | V15: =SUMIFS([1]PLM002!$K:$K,[1]PLM002!$J:$J,">="&$B$3,[1]PLM002!$J:$J,"<="&$B$4,[1]PLM002!$F:$F,$A15,[1]PLM002!$C:$C,T$6) -> 0 | W15: =U15+V15 -> 30 | X15: =SUMIFS('[1]PLM001-財務計算用'!$P:$P,'[1]PLM001-財務計算用'!$N:$N,"<"&$B$4,'[1]PLM001-財務計算用'!$A:$A,$A15,'[1]PLM001-財務計算用'!$J:$J,X$6) -> 0 | Y15: =SUMIFS([1]PLM002!$K:$K,[1]PLM002!$J:$J,"<"&$B$3,[1]PLM002!$F:$F,$A15,[1]PLM002!$C:$C,X$6) -> 0 | Z15: =SUMIFS([1]PLM002!$K:$K,[1]PLM002!$J:$J,">="&$B$3,[1]PLM002!$J:$J,"<="&$B$4,[1]PLM002!$F:$F,$A15,[1]PLM002!$C:$C,X$6) -> 0 | AA15: =Y15+Z15 -> 0
A16: K250501R1 | B16: =VLOOKUP(A16,[1]專案進度表!B:DV,2,FALSE) -> C級奧多曼電子水表先期研究 | C16: =VLOOKUP(A16,[1]總表!$A:$L,3,FALSE) -> 產品開發 | D16: =VLOOKUP(A16,[1]總表!$A:$L,5,FALSE) -> Active | E16: =SUMIF($H$8:$O$8,E$8,H16:O16) -> 0 | F16: =SUMIF($H$8:$O$8,F$8,H16:O16) -> 0 | G16: =F16/E16 -> #DIV/0! | H16: =SUMIFS('[1]PLM001-財務計算用'!$P:$P,'[1]PLM001-財務計算用'!$N:$N,"<="&$B$4,'[1]PLM001-財務計算用'!$A:$A,$A16,'[1]PLM001-財務計算用'!$J:$J,H$6) -> 0 | I16: =SUMIFS([1]PLM002!$K:$K,[1]PLM002!$J:$J,"<"&$B$3,[1]PLM002!$F:$F,$A16,[1]PLM002!$C:$C,H$6) -> 0 | J16: =SUMIFS([1]PLM002!$K:$K,[1]PLM002!$J:$J,">="&$B$3,[1]PLM002!$J:$J,"<="&$B$4,[1]PLM002!$F:$F,$A16,[1]PLM002!$C:$C,H$6) -> 0 | K16: =I16+J16 -> 0 | L16: =SUMIFS('[1]PLM001-財務計算用'!$P:$P,'[1]PLM001-財務計算用'!$N:$N,"<"&$B$4,'[1]PLM001-財務計算用'!$A:$A,$A16,'[1]PLM001-財務計算用'!$J:$J,L$6) -> 0 | M16: =SUMIFS([1]PLM002!$K:$K,[1]PLM002!$J:$J,"<"&$B$3,[1]PLM002!$F:$F,$A16,[1]PLM002!$C:$C,L$6) -> 0 | N16: =SUMIFS([1]PLM002!$K:$K,[1]PLM002!$J:$J,">="&$B$3,[1]PLM002!$J:$J,"<="&$B$4,[1]PLM002!$F:$F,$A16,[1]PLM002!$C:$C,L$6) -> 0 | O16: =M16+N16 -> 0 | P16: =SUMIFS('[1]PLM001-財務計算用'!$P:$P,'[1]PLM001-財務計算用'!$N:$N,"<"&$B$4,'[1]PLM001-財務計算用'!$A:$A,$A16,'[1]PLM001-財務計算用'!$J:$J,P$6) -> 0 | Q16: =SUMIFS([1]PLM002!$K:$K,[1]PLM002!$J:$J,"<"&$B$3,[1]PLM002!$F:$F,$A16,[1]PLM002!$C:$C,P$6) -> 0 | R16: =SUMIFS([1]PLM002!$K:$K,[1]PLM002!$J:$J,">="&$B$3,[1]PLM002!$J:$J,"<="&$B$4,[1]PLM002!$F:$F,$A16,[1]PLM002!$C:$C,P$6) -> 0 | S16: =Q16+R16 -> 0 | T16: =SUMIFS('[1]PLM001-財務計算用'!$P:$P,'[1]PLM001-財務計算用'!$N:$N,"<"&$B$4,'[1]PLM001-財務計算用'!$A:$A,$A16,'[1]PLM001-財務計算用'!$J:$J,T$6) -> 0 | U16: =SUMIFS([1]PLM002!$K:$K,[1]PLM002!$J:$J,"<"&$B$3,[1]PLM002!$F:$F,$A16,[1]PLM002!$C:$C,T$6) -> 0 | V16: =SUMIFS([1]PLM002!$K:$K,[1]PLM002!$J:$J,">="&$B$3,[1]PLM002!$J:$J,"<="&$B$4,[1]PLM002!$F:$F,$A16,[1]PLM002!$C:$C,T$6) -> 0 | W16: =U16+V16 -> 0 | X16: =SUMIFS('[1]PLM001-財務計算用'!$P:$P,'[1]PLM001-財務計算用'!$N:$N,"<"&$B$4,'[1]PLM001-財務計算用'!$A:$A,$A16,'[1]PLM001-財務計算用'!$J:$J,X$6) -> 0 | Y16: =SUMIFS([1]PLM002!$K:$K,[1]PLM002!$J:$J,"<"&$B$3,[1]PLM002!$F:$F,$A16,[1]PLM002!$C:$C,X$6) -> 0 | Z16: =SUMIFS([1]PLM002!$K:$K,[1]PLM002!$J:$J,">="&$B$3,[1]PLM002!$J:$J,"<="&$B$4,[1]PLM002!$F:$F,$A16,[1]PLM002!$C:$C,X$6) -> 0 | AA16: =Y16+Z16 -> 0
A17: K250501R2 | B17: =VLOOKUP(A17,[1]專案進度表!B:DV,2,FALSE) -> C級奧多曼電子水量計 | C17: =VLOOKUP(A17,[1]總表!$A:$L,3,FALSE) -> 產品開發 | D17: =VLOOKUP(A17,[1]總表!$A:$L,5,FALSE) -> Active | E17: =SUMIF($H$8:$O$8,E$8,H17:O17) -> 0 | F17: =SUMIF($H$8:$O$8,F$8,H17:O17) -> 0 | G17: =F17/E17 -> #DIV/0! | H17: =SUMIFS('[1]PLM001-財務計算用'!$P:$P,'[1]PLM001-財務計算用'!$N:$N,"<"&$B$4,'[1]PLM001-財務計算用'!$A:$A,$A17,'[1]PLM001-財務計算用'!$J:$J,H$6) -> 0 | I17: =SUMIFS([1]PLM002!$K:$K,[1]PLM002!$J:$J,"<"&$B$3,[1]PLM002!$F:$F,$A17,[1]PLM002!$C:$C,H$6) -> 0 | J17: =SUMIFS([1]PLM002!$K:$K,[1]PLM002!$J:$J,">="&$B$3,[1]PLM002!$J:$J,"<="&$B$4,[1]PLM002!$F:$F,$A17,[1]PLM002!$C:$C,H$6) -> 0 | K17: =I17+J17 -> 0 | L17: =SUMIFS('[1]PLM001-財務計算用'!$P:$P,'[1]PLM001-財務計算用'!$N:$N,"<"&$B$4,'[1]PLM001-財務計算用'!$A:$A,$A17,'[1]PLM001-財務計算用'!$J:$J,L$6) -> 0 | M17: =SUMIFS([1]PLM002!$K:$K,[1]PLM002!$J:$J,"<"&$B$3,[1]PLM002!$F:$F,$A17,[1]PLM002!$C:$C,L$6) -> 0 | N17: =SUMIFS([1]PLM002!$K:$K,[1]PLM002!$J:$J,">="&$B$3,[1]PLM002!$J:$J,"<="&$B$4,[1]PLM002!$F:$F,$A17,[1]PLM002!$C:$C,L$6) -> 0 | O17: =M17+N17 -> 0 | P17: =SUMIFS('[1]PLM001-財務計算用'!$P:$P,'[1]PLM001-財務計算用'!$N:$N,"<"&$B$4,'[1]PLM001-財務計算用'!$A:$A,$A17,'[1]PLM001-財務計算用'!$J:$J,P$6) -> 0 | Q17: =SUMIFS([1]PLM002!$K:$K,[1]PLM002!$J:$J,"<"&$B$3,[1]PLM002!$F:$F,$A17,[1]PLM002!$C:$C,P$6) -> 0 | R17: =SUMIFS([1]PLM002!$K:$K,[1]PLM002!$J:$J,">="&$B$3,[1]PLM002!$J:$J,"<="&$B$4,[1]PLM002!$F:$F,$A17,[1]PLM002!$C:$C,P$6) -> 0 | S17: =Q17+R17 -> 0 | T17: =SUMIFS('[1]PLM001-財務計算用'!$P:$P,'[1]PLM001-財務計算用'!$N:$N,"<"&$B$4,'[1]PLM001-財務計算用'!$A:$A,$A17,'[1]PLM001-財務計算用'!$J:$J,T$6) -> 0 | U17: =SUMIFS([1]PLM002!$K:$K,[1]PLM002!$J:$J,"<"&$B$3,[1]PLM002!$F:$F,$A17,[1]PLM002!$C:$C,T$6) -> 0 | V17: =SUMIFS([1]PLM002!$K:$K,[1]PLM002!$J:$J,">="&$B$3,[1]PLM002!$J:$J,"<="&$B$4,[1]PLM002!$F:$F,$A17,[1]PLM002!$C:$C,T$6) -> 0 | W17: =U17+V17 -> 0 | X17: =SUMIFS('[1]PLM001-財務計算用'!$P:$P,'[1]PLM001-財務計算用'!$N:$N,"<"&$B$4,'[1]PLM001-財務計算用'!$A:$A,$A17,'[1]PLM001-財務計算用'!$J:$J,X$6) -> 0 | Y17: =SUMIFS([1]PLM002!$K:$K,[1]PLM002!$J:$J,"<"&$B$3,[1]PLM002!$F:$F,$A17,[1]PLM002!$C:$C,X$6) -> 0 | Z17: =SUMIFS([1]PLM002!$K:$K,[1]PLM002!$J:$J,">="&$B$3,[1]PLM002!$J:$J,"<="&$B$4,[1]PLM002!$F:$F,$A17,[1]PLM002!$C:$C,X$6) -> 0 | AA17: =Y17+Z17 -> 0
A18: K251001R1 | B18: =VLOOKUP(A18,[1]專案進度表!B:DV,2,FALSE) -> EPH水量計型式認證技術規範CNPA49第4版結構驗證與改善 | C18: =VLOOKUP(A18,[1]總表!$A:$L,3,FALSE) -> 產品開發 | D18: =VLOOKUP(A18,[1]總表!$A:$L,5,FALSE) -> Active | E18: =SUMIF($H$8:$O$8,E$8,H18:O18) -> 0 | F18: =SUMIF($H$8:$O$8,F$8,H18:O18) -> 0 | G18: =F18/E18 -> #DIV/0! | H18: =SUMIFS('[1]PLM001-財務計算用'!$P:$P,'[1]PLM001-財務計算用'!$N:$N,"<"&$B$4,'[1]PLM001-財務計算用'!$A:$A,$A18,'[1]PLM001-財務計算用'!$J:$J,H$6) -> 0 | I18: =SUMIFS([1]PLM002!$K:$K,[1]PLM002!$J:$J,"<"&$B$3,[1]PLM002!$F:$F,$A18,[1]PLM002!$C:$C,H$6) -> 0 | J18: =SUMIFS([1]PLM002!$K:$K,[1]PLM002!$J:$J,">="&$B$3,[1]PLM002!$J:$J,"<="&$B$4,[1]PLM002!$F:$F,$A18,[1]PLM002!$C:$C,H$6) -> 0 | K18: =I18+J18 -> 0 | L18: =SUMIFS('[1]PLM001-財務計算用'!$P:$P,'[1]PLM001-財務計算用'!$N:$N,"<"&$B$4,'[1]PLM001-財務計算用'!$A:$A,$A18,'[1]PLM001-財務計算用'!$J:$J,L$6) -> 0 | M18: =SUMIFS([1]PLM002!$K:$K,[1]PLM002!$J:$J,"<"&$B$3,[1]PLM002!$F:$F,$A18,[1]PLM002!$C:$C,L$6) -> 0 | N18: =SUMIFS([1]PLM002!$K:$K,[1]PLM002!$J:$J,">="&$B$3,[1]PLM002!$J:$J,"<="&$B$4,[1]PLM002!$F:$F,$A18,[1]PLM002!$C:$C,L$6) -> 0 | O18: =M18+N18 -> 0 | P18: =SUMIFS('[1]PLM001-財務計算用'!$P:$P,'[1]PLM001-財務計算用'!$N:$N,"<"&$B$4,'[1]PLM001-財務計算用'!$A:$A,$A18,'[1]PLM001-財務計算用'!$J:$J,P$6) -> 0 | Q18: =SUMIFS([1]PLM002!$K:$K,[1]PLM002!$J:$J,"<"&$B$3,[1]PLM002!$F:$F,$A18,[1]PLM002!$C:$C,P$6) -> 0 | R18: =SUMIFS([1]PLM002!$K:$K,[1]PLM002!$J:$J,">="&$B$3,[1]PLM002!$J:$J,"<="&$B$4,[1]PLM002!$F:$F,$A18,[1]PLM002!$C:$C,P$6) -> 0 | S18: =Q18+R18 -> 0 | T18: =SUMIFS('[1]PLM001-財務計算用'!$P:$P,'[1]PLM001-財務計算用'!$N:$N,"<"&$B$4,'[1]PLM001-財務計算用'!$A:$A,$A18,'[1]PLM001-財務計算用'!$J:$J,T$6) -> 0 | U18: =SUMIFS([1]PLM002!$K:$K,[1]PLM002!$J:$J,"<"&$B$3,[1]PLM002!$F:$F,$A18,[1]PLM002!$C:$C,T$6) -> 0 | V18: =SUMIFS([1]PLM002!$K:$K,[1]PLM002!$J:$J,">="&$B$3,[1]PLM002!$J:$J,"<="&$B$4,[1]PLM002!$F:$F,$A18,[1]PLM002!$C:$C,T$6) -> 0 | W18: =U18+V18 -> 0 | X18: =SUMIFS('[1]PLM001-財務計算用'!$P:$P,'[1]PLM001-財務計算用'!$N:$N,"<"&$B$4,'[1]PLM001-財務計算用'!$A:$A,$A18,'[1]PLM001-財務計算用'!$J:$J,X$6) -> 0 | Y18: =SUMIFS([1]PLM002!$K:$K,[1]PLM002!$J:$J,"<"&$B$3,[1]PLM002!$F:$F,$A18,[1]PLM002!$C:$C,X$6) -> 0 | Z18: =SUMIFS([1]PLM002!$K:$K,[1]PLM002!$J:$J,">="&$B$3,[1]PLM002!$J:$J,"<="&$B$4,[1]PLM002!$F:$F,$A18,[1]PLM002!$C:$C,X$6) -> 0 | AA18: =Y18+Z18 -> 0
A19: M240704R1 | B19: =VLOOKUP(A19,[1]專案進度表!B:DV,2,FALSE) -> 一體式夾管超音波流量計(DN25)[RD4] | C19: =VLOOKUP(A19,[1]總表!$A:$L,3,FALSE) -> 研三部 | D19: =VLOOKUP(A19,[1]總表!$A:$L,5,FALSE) -> Active | E19: =SUMIF($H$8:$O$8,E$8,H19:O19) -> 0 | F19: =SUMIF($H$8:$O$8,F$8,H19:O19) -> 0 | G19: =F19/E19 -> #DIV/0! | H19: =SUMIFS('[1]PLM001-財務計算用'!$P:$P,'[1]PLM001-財務計算用'!$N:$N,"<"&$B$4,'[1]PLM001-財務計算用'!$A:$A,$A19,'[1]PLM001-財務計算用'!$J:$J,H$6) -> 0 | I19: =SUMIFS([1]PLM002!$K:$K,[1]PLM002!$J:$J,"<"&$B$3,[1]PLM002!$F:$F,$A19,[1]PLM002!$C:$C,H$6) -> 0 | J19: =SUMIFS([1]PLM002!$K:$K,[1]PLM002!$J:$J,">="&$B$3,[1]PLM002!$J:$J,"<="&$B$4,[1]PLM002!$F:$F,$A19,[1]PLM002!$C:$C,H$6) -> 0 | K19: =I19+J19 -> 0 | L19: =SUMIFS('[1]PLM001-財務計算用'!$P:$P,'[1]PLM001-財務計算用'!$N:$N,"<"&$B$4,'[1]PLM001-財務計算用'!$A:$A,$A19,'[1]PLM001-財務計算用'!$J:$J,L$6) -> 0 | M19: =SUMIFS([1]PLM002!$K:$K,[1]PLM002!$J:$J,"<"&$B$3,[1]PLM002!$F:$F,$A19,[1]PLM002!$C:$C,L$6) -> 0 | N19: =SUMIFS([1]PLM002!$K:$K,[1]PLM002!$J:$J,">="&$B$3,[1]PLM002!$J:$J,"<="&$B$4,[1]PLM002!$F:$F,$A19,[1]PLM002!$C:$C,L$6) -> 0 | O19: =M19+N19 -> 0 | P19: =SUMIFS('[1]PLM001-財務計算用'!$P:$P,'[1]PLM001-財務計算用'!$N:$N,"<"&$B$4,'[1]PLM001-財務計算用'!$A:$A,$A19,'[1]PLM001-財務計算用'!$J:$J,P$6) -> 0 | Q19: =SUMIFS([1]PLM002!$K:$K,[1]PLM002!$J:$J,"<"&$B$3,[1]PLM002!$F:$F,$A19,[1]PLM002!$C:$C,P$6) -> 0 | R19: =SUMIFS([1]PLM002!$K:$K,[1]PLM002!$J:$J,">="&$B$3,[1]PLM002!$J:$J,"<="&$B$4,[1]PLM002!$F:$F,$A19,[1]PLM002!$C:$C,P$6) -> 0 | S19: =Q19+R19 -> 0 | T19: =SUMIFS('[1]PLM001-財務計算用'!$P:$P,'[1]PLM001-財務計算用'!$N:$N,"<"&$B$4,'[1]PLM001-財務計算用'!$A:$A,$A19,'[1]PLM001-財務計算用'!$J:$J,T$6) -> 0 | U19: =SUMIFS([1]PLM002!$K:$K,[1]PLM002!$J:$J,"<"&$B$3,[1]PLM002!$F:$F,$A19,[1]PLM002!$C:$C,T$6) -> 0 | V19: =SUMIFS([1]PLM002!$K:$K,[1]PLM002!$J:$J,">="&$B$3,[1]PLM002!$J:$J,"<="&$B$4,[1]PLM002!$F:$F,$A19,[1]PLM002!$C:$C,T$6) -> 0 | W19: =U19+V19 -> 0 | X19: =SUMIFS('[1]PLM001-財務計算用'!$P:$P,'[1]PLM001-財務計算用'!$N:$N,"<"&$B$4,'[1]PLM001-財務計算用'!$A:$A,$A19,'[1]PLM001-財務計算用'!$J:$J,X$6) -> 0 | Y19: =SUMIFS([1]PLM002!$K:$K,[1]PLM002!$J:$J,"<"&$B$3,[1]PLM002!$F:$F,$A19,[1]PLM002!$C:$C,X$6) -> 0 | Z19: =SUMIFS([1]PLM002!$K:$K,[1]PLM002!$J:$J,">="&$B$3,[1]PLM002!$J:$J,"<="&$B$4,[1]PLM002!$F:$F,$A19,[1]PLM002!$C:$C,X$6) -> 0 | AA19: =Y19+Z19 -> 0
A20: M240804R1 | B20: =VLOOKUP(A20,[1]專案進度表!B:DV,2,FALSE) -> PVD二口二位閥展型(DN15、DN20) | C20: =VLOOKUP(A20,[1]總表!$A:$L,3,FALSE) -> 產品開發 | D20: =VLOOKUP(A20,[1]總表!$A:$L,5,FALSE) -> Active | E20: =SUMIF($H$8:$O$8,E$8,H20:O20) -> 0 | F20: =SUMIF($H$8:$O$8,F$8,H20:O20) -> 0 | G20: =F20/E20 -> #DIV/0! | H20: =SUMIFS('[1]PLM001-財務計算用'!$P:$P,'[1]PLM001-財務計算用'!$N:$N,"<"&$B$4,'[1]PLM001-財務計算用'!$A:$A,$A20,'[1]PLM001-財務計算用'!$J:$J,H$6) -> 0 | I20: =SUMIFS([1]PLM002!$K:$K,[1]PLM002!$J:$J,"<"&$B$3,[1]PLM002!$F:$F,$A20,[1]PLM002!$C:$C,H$6) -> 0 | J20: =SUMIFS([1]PLM002!$K:$K,[1]PLM002!$J:$J,">="&$B$3,[1]PLM002!$J:$J,"<="&$B$4,[1]PLM002!$F:$F,$A20,[1]PLM002!$C:$C,H$6) -> 0 | K20: =I20+J20 -> 0 | L20: =SUMIFS('[1]PLM001-財務計算用'!$P:$P,'[1]PLM001-財務計算用'!$N:$N,"<"&$B$4,'[1]PLM001-財務計算用'!$A:$A,$A20,'[1]PLM001-財務計算用'!$J:$J,L$6) -> 0 | M20: =SUMIFS([1]PLM002!$K:$K,[1]PLM002!$J:$J,"<"&$B$3,[1]PLM002!$F:$F,$A20,[1]PLM002!$C:$C,L$6) -> 0 | N20: =SUMIFS([1]PLM002!$K:$K,[1]PLM002!$J:$J,">="&$B$3,[1]PLM002!$J:$J,"<="&$B$4,[1]PLM002!$F:$F,$A20,[1]PLM002!$C:$C,L$6) -> 0 | O20: =M20+N20 -> 0 | P20: =SUMIFS('[1]PLM001-財務計算用'!$P:$P,'[1]PLM001-財務計算用'!$N:$N,"<"&$B$4,'[1]PLM001-財務計算用'!$A:$A,$A20,'[1]PLM001-財務計算用'!$J:$J,P$6) -> 0 | Q20: =SUMIFS([1]PLM002!$K:$K,[1]PLM002!$J:$J,"<"&$B$3,[1]PLM002!$F:$F,$A20,[1]PLM002!$C:$C,P$6) -> 0 | R20: =SUMIFS([1]PLM002!$K:$K,[1]PLM002!$J:$J,">="&$B$3,[1]PLM002!$J:$J,"<="&$B$4,[1]PLM002!$F:$F,$A20,[1]PLM002!$C:$C,P$6) -> 0 | S20: =Q20+R20 -> 0 | T20: =SUMIFS('[1]PLM001-財務計算用'!$P:$P,'[1]PLM001-財務計算用'!$N:$N,"<"&$B$4,'[1]PLM001-財務計算用'!$A:$A,$A20,'[1]PLM001-財務計算用'!$J:$J,T$6) -> 0 | U20: =SUMIFS([1]PLM002!$K:$K,[1]PLM002!$J:$J,"<"&$B$3,[1]PLM002!$F:$F,$A20,[1]PLM002!$C:$C,T$6) -> 0 | V20: =SUMIFS([1]PLM002!$K:$K,[1]PLM002!$J:$J,">="&$B$3,[1]PLM002!$J:$J,"<="&$B$4,[1]PLM002!$F:$F,$A20,[1]PLM002!$C:$C,T$6) -> 0 | W20: =U20+V20 -> 0 | X20: =SUMIFS('[1]PLM001-財務計算用'!$P:$P,'[1]PLM001-財務計算用'!$N:$N,"<"&$B$4,'[1]PLM001-財務計算用'!$A:$A,$A20,'[1]PLM001-財務計算用'!$J:$J,X$6) -> 0 | Y20: =SUMIFS([1]PLM002!$K:$K,[1]PLM002!$J:$J,"<"&$B$3,[1]PLM002!$F:$F,$A20,[1]PLM002!$C:$C,X$6) -> 0 | Z20: =SUMIFS([1]PLM002!$K:$K,[1]PLM002!$J:$J,">="&$B$3,[1]PLM002!$J:$J,"<="&$B$4,[1]PLM002!$F:$F,$A20,[1]PLM002!$C:$C,X$6) -> 0 | AA20: =Y20+Z20 -> 0
A21: M250201C1 | B21: =VLOOKUP(A21,[1]專案進度表!B:DV,2,FALSE) -> 工業爆炸環境防爆型音叉感測器 | C21: =VLOOKUP(A21,[1]總表!$A:$L,3,FALSE) -> 研二部 | D21: =VLOOKUP(A21,[1]總表!$A:$L,5,FALSE) -> Active | E21: =SUMIF($H$8:$O$8,E$8,H21:O21) -> 0 | F21: =SUMIF($H$8:$O$8,F$8,H21:O21) -> 0 | G21: =F21/E21 -> #DIV/0! | H21: =SUMIFS('[1]PLM001-財務計算用'!$P:$P,'[1]PLM001-財務計算用'!$N:$N,"<"&$B$4,'[1]PLM001-財務計算用'!$A:$A,$A21,'[1]PLM001-財務計算用'!$J:$J,H$6) -> 0 | I21: =SUMIFS([1]PLM002!$K:$K,[1]PLM002!$J:$J,"<"&$B$3,[1]PLM002!$F:$F,$A21,[1]PLM002!$C:$C,H$6) -> 0 | J21: =SUMIFS([1]PLM002!$K:$K,[1]PLM002!$J:$J,">="&$B$3,[1]PLM002!$J:$J,"<="&$B$4,[1]PLM002!$F:$F,$A21,[1]PLM002!$C:$C,H$6) -> 0 | K21: =I21+J21 -> 0 | L21: =SUMIFS('[1]PLM001-財務計算用'!$P:$P,'[1]PLM001-財務計算用'!$N:$N,"<"&$B$4,'[1]PLM001-財務計算用'!$A:$A,$A21,'[1]PLM001-財務計算用'!$J:$J,L$6) -> 0 | M21: =SUMIFS([1]PLM002!$K:$K,[1]PLM002!$J:$J,"<"&$B$3,[1]PLM002!$F:$F,$A21,[1]PLM002!$C:$C,L$6) -> 0 | N21: =SUMIFS([1]PLM002!$K:$K,[1]PLM002!$J:$J,">="&$B$3,[1]PLM002!$J:$J,"<="&$B$4,[1]PLM002!$F:$F,$A21,[1]PLM002!$C:$C,L$6) -> 0 | O21: =M21+N21 -> 0 | P21: =SUMIFS('[1]PLM001-財務計算用'!$P:$P,'[1]PLM001-財務計算用'!$N:$N,"<"&$B$4,'[1]PLM001-財務計算用'!$A:$A,$A21,'[1]PLM001-財務計算用'!$J:$J,P$6) -> 0 | Q21: =SUMIFS([1]PLM002!$K:$K,[1]PLM002!$J:$J,"<"&$B$3,[1]PLM002!$F:$F,$A21,[1]PLM002!$C:$C,P$6) -> 0 | R21: =SUMIFS([1]PLM002!$K:$K,[1]PLM002!$J:$J,">="&$B$3,[1]PLM002!$J:$J,"<="&$B$4,[1]PLM002!$F:$F,$A21,[1]PLM002!$C:$C,P$6) -> 0 | S21: =Q21+R21 -> 0 | T21: =SUMIFS('[1]PLM001-財務計算用'!$P:$P,'[1]PLM001-財務計算用'!$N:$N,"<"&$B$4,'[1]PLM001-財務計算用'!$A:$A,$A21,'[1]PLM001-財務計算用'!$J:$J,T$6) -> 0 | U21: =SUMIFS([1]PLM002!$K:$K,[1]PLM002!$J:$J,"<"&$B$3,[1]PLM002!$F:$F,$A21,[1]PLM002!$C:$C,T$6) -> 0 | V21: =SUMIFS([1]PLM002!$K:$K,[1]PLM002!$J:$J,">="&$B$3,[1]PLM002!$J:$J,"<="&$B$4,[1]PLM002!$F:$F,$A21,[1]PLM002!$C:$C,T$6) -> 0 | W21: =U21+V21 -> 0 | X21: =SUMIFS('[1]PLM001-財務計算用'!$P:$P,'[1]PLM001-財務計算用'!$N:$N,"<"&$B$4,'[1]PLM001-財務計算用'!$A:$A,$A21,'[1]PLM001-財務計算用'!$J:$J,X$6) -> 0 | Y21: =SUMIFS([1]PLM002!$K:$K,[1]PLM002!$J:$J,"<"&$B$3,[1]PLM002!$F:$F,$A21,[1]PLM002!$C:$C,X$6) -> 0 | Z21: =SUMIFS([1]PLM002!$K:$K,[1]PLM002!$J:$J,">="&$B$3,[1]PLM002!$J:$J,"<="&$B$4,[1]PLM002!$F:$F,$A21,[1]PLM002!$C:$C,X$6) -> 0 | AA21: =Y21+Z21 -> 0
A22: M250301C1 | B22: =VLOOKUP(A22,[1]專案進度表!B:DV,2,FALSE) -> 一體型電磁流量計北美多重防爆認證 | C22: =VLOOKUP(A22,[1]總表!$A:$L,3,FALSE) -> 研發一處 | D22: =VLOOKUP(A22,[1]總表!$A:$L,5,FALSE) -> Active | E22: =SUMIF($H$8:$O$8,E$8,H22:O22) -> 0 | F22: =SUMIF($H$8:$O$8,F$8,H22:O22) -> 0 | G22: =F22/E22 -> #DIV/0! | H22: =SUMIFS('[1]PLM001-財務計算用'!$P:$P,'[1]PLM001-財務計算用'!$N:$N,"<"&$B$4,'[1]PLM001-財務計算用'!$A:$A,$A22,'[1]PLM001-財務計算用'!$J:$J,H$6) -> 0 | I22: =SUMIFS([1]PLM002!$K:$K,[1]PLM002!$J:$J,"<"&$B$3,[1]PLM002!$F:$F,$A22,[1]PLM002!$C:$C,H$6) -> 0 | J22: =SUMIFS([1]PLM002!$K:$K,[1]PLM002!$J:$J,">="&$B$3,[1]PLM002!$J:$J,"<="&$B$4,[1]PLM002!$F:$F,$A22,[1]PLM002!$C:$C,H$6) -> 0 | K22: =I22+J22 -> 0 | L22: =SUMIFS('[1]PLM001-財務計算用'!$P:$P,'[1]PLM001-財務計算用'!$N:$N,"<"&$B$4,'[1]PLM001-財務計算用'!$A:$A,$A22,'[1]PLM001-財務計算用'!$J:$J,L$6) -> 0 | M22: =SUMIFS([1]PLM002!$K:$K,[1]PLM002!$J:$J,"<"&$B$3,[1]PLM002!$F:$F,$A22,[1]PLM002!$C:$C,L$6) -> 0 | N22: =SUMIFS([1]PLM002!$K:$K,[1]PLM002!$J:$J,">="&$B$3,[1]PLM002!$J:$J,"<="&$B$4,[1]PLM002!$F:$F,$A22,[1]PLM002!$C:$C,L$6) -> 0 | O22: =M22+N22 -> 0 | P22: =SUMIFS('[1]PLM001-財務計算用'!$P:$P,'[1]PLM001-財務計算用'!$N:$N,"<"&$B$4,'[1]PLM001-財務計算用'!$A:$A,$A22,'[1]PLM001-財務計算用'!$J:$J,P$6) -> 0 | Q22: =SUMIFS([1]PLM002!$K:$K,[1]PLM002!$J:$J,"<"&$B$3,[1]PLM002!$F:$F,$A22,[1]PLM002!$C:$C,P$6) -> 0 | R22: =SUMIFS([1]PLM002!$K:$K,[1]PLM002!$J:$J,">="&$B$3,[1]PLM002!$J:$J,"<="&$B$4,[1]PLM002!$F:$F,$A22,[1]PLM002!$C:$C,P$6) -> 0 | S22: =Q22+R22 -> 0 | T22: =SUMIFS('[1]PLM001-財務計算用'!$P:$P,'[1]PLM001-財務計算用'!$N:$N,"<"&$B$4,'[1]PLM001-財務計算用'!$A:$A,$A22,'[1]PLM001-財務計算用'!$J:$J,T$6) -> 0 | U22: =SUMIFS([1]PLM002!$K:$K,[1]PLM002!$J:$J,"<"&$B$3,[1]PLM002!$F:$F,$A22,[1]PLM002!$C:$C,T$6) -> 0 | V22: =SUMIFS([1]PLM002!$K:$K,[1]PLM002!$J:$J,">="&$B$3,[1]PLM002!$J:$J,"<="&$B$4,[1]PLM002!$F:$F,$A22,[1]PLM002!$C:$C,T$6) -> 0 | W22: =U22+V22 -> 0 | X22: =SUMIFS('[1]PLM001-財務計算用'!$P:$P,'[1]PLM001-財務計算用'!$N:$N,"<"&$B$4,'[1]PLM001-財務計算用'!$A:$A,$A22,'[1]PLM001-財務計算用'!$J:$J,X$6) -> 0 | Y22: =SUMIFS([1]PLM002!$K:$K,[1]PLM002!$J:$J,"<"&$B$3,[1]PLM002!$F:$F,$A22,[1]PLM002!$C:$C,X$6) -> 0 | Z22: =SUMIFS([1]PLM002!$K:$K,[1]PLM002!$J:$J,">="&$B$3,[1]PLM002!$J:$J,"<="&$B$4,[1]PLM002!$F:$F,$A22,[1]PLM002!$C:$C,X$6) -> 0 | AA22: =Y22+Z22 -> 0
A23: M250301R1 | B23: =VLOOKUP(A23,[1]專案進度表!B:DV,2,FALSE) -> 軌道型顯示器夾管式超音波流量計 | C23: =VLOOKUP(A23,[1]總表!$A:$L,3,FALSE) -> 研三部 | D23: =VLOOKUP(A23,[1]總表!$A:$L,5,FALSE) -> Active | E23: =SUMIF($H$8:$O$8,E$8,H23:O23) -> 0 | F23: =SUMIF($H$8:$O$8,F$8,H23:O23) -> 0 | G23: =F23/E23 -> #DIV/0! | H23: =SUMIFS('[1]PLM001-財務計算用'!$P:$P,'[1]PLM001-財務計算用'!$N:$N,"<"&$B$4,'[1]PLM001-財務計算用'!$A:$A,$A23,'[1]PLM001-財務計算用'!$J:$J,H$6) -> 0 | I23: =SUMIFS([1]PLM002!$K:$K,[1]PLM002!$J:$J,"<"&$B$3,[1]PLM002!$F:$F,$A23,[1]PLM002!$C:$C,H$6) -> 0 | J23: =SUMIFS([1]PLM002!$K:$K,[1]PLM002!$J:$J,">="&$B$3,[1]PLM002!$J:$J,"<="&$B$4,[1]PLM002!$F:$F,$A23,[1]PLM002!$C:$C,H$6) -> 0 | K23: =I23+J23 -> 0 | L23: =SUMIFS('[1]PLM001-財務計算用'!$P:$P,'[1]PLM001-財務計算用'!$N:$N,"<"&$B$4,'[1]PLM001-財務計算用'!$A:$A,$A23,'[1]PLM001-財務計算用'!$J:$J,L$6) -> 0 | M23: =SUMIFS([1]PLM002!$K:$K,[1]PLM002!$J:$J,"<"&$B$3,[1]PLM002!$F:$F,$A23,[1]PLM002!$C:$C,L$6) -> 0 | N23: =SUMIFS([1]PLM002!$K:$K,[1]PLM002!$J:$J,">="&$B$3,[1]PLM002!$J:$J,"<="&$B$4,[1]PLM002!$F:$F,$A23,[1]PLM002!$C:$C,L$6) -> 0 | O23: =M23+N23 -> 0 | P23: =SUMIFS('[1]PLM001-財務計算用'!$P:$P,'[1]PLM001-財務計算用'!$N:$N,"<"&$B$4,'[1]PLM001-財務計算用'!$A:$A,$A23,'[1]PLM001-財務計算用'!$J:$J,P$6) -> 0 | Q23: =SUMIFS([1]PLM002!$K:$K,[1]PLM002!$J:$J,"<"&$B$3,[1]PLM002!$F:$F,$A23,[1]PLM002!$C:$C,P$6) -> 0 | R23: =SUMIFS([1]PLM002!$K:$K,[1]PLM002!$J:$J,">="&$B$3,[1]PLM002!$J:$J,"<="&$B$4,[1]PLM002!$F:$F,$A23,[1]PLM002!$C:$C,P$6) -> 0 | S23: =Q23+R23 -> 0 | T23: =SUMIFS('[1]PLM001-財務計算用'!$P:$P,'[1]PLM001-財務計算用'!$N:$N,"<"&$B$4,'[1]PLM001-財務計算用'!$A:$A,$A23,'[1]PLM001-財務計算用'!$J:$J,T$6) -> 0 | U23: =SUMIFS([1]PLM002!$K:$K,[1]PLM002!$J:$J,"<"&$B$3,[1]PLM002!$F:$F,$A23,[1]PLM002!$C:$C,T$6) -> 0 | V23: =SUMIFS([1]PLM002!$K:$K,[1]PLM002!$J:$J,">="&$B$3,[1]PLM002!$J:$J,"<="&$B$4,[1]PLM002!$F:$F,$A23,[1]PLM002!$C:$C,T$6) -> 0 | W23: =U23+V23 -> 0 | X23: =SUMIFS('[1]PLM001-財務計算用'!$P:$P,'[1]PLM001-財務計算用'!$N:$N,"<"&$B$4,'[1]PLM001-財務計算用'!$A:$A,$A23,'[1]PLM001-財務計算用'!$J:$J,X$6) -> 0 | Y23: =SUMIFS([1]PLM002!$K:$K,[1]PLM002!$J:$J,"<"&$B$3,[1]PLM002!$F:$F,$A23,[1]PLM002!$C:$C,X$6) -> 0 | Z23: =SUMIFS([1]PLM002!$K:$K,[1]PLM002!$J:$J,">="&$B$3,[1]PLM002!$J:$J,"<="&$B$4,[1]PLM002!$F:$F,$A23,[1]PLM002!$C:$C,X$6) -> 0 | AA23: =Y23+Z23 -> 0
A24: M251001R1 | B24: =VLOOKUP(A24,[1]專案進度表!B:DV,2,FALSE) -> SDX光電開關微型化設計 | C24: =VLOOKUP(A24,[1]總表!$A:$L,3,FALSE) -> 研二部 | D24: =VLOOKUP(A24,[1]總表!$A:$L,5,FALSE) -> Active | E24: =SUMIF($H$8:$O$8,E$8,H24:O24) -> 0 | F24: =SUMIF($H$8:$O$8,F$8,H24:O24) -> 0 | G24: =F24/E24 -> #DIV/0! | H24: =SUMIFS('[1]PLM001-財務計算用'!$P:$P,'[1]PLM001-財務計算用'!$N:$N,"<"&$B$4,'[1]PLM001-財務計算用'!$A:$A,$A24,'[1]PLM001-財務計算用'!$J:$J,H$6) -> 0 | I24: =SUMIFS([1]PLM002!$K:$K,[1]PLM002!$J:$J,"<"&$B$3,[1]PLM002!$F:$F,$A24,[1]PLM002!$C:$C,H$6) -> 0 | J24: =SUMIFS([1]PLM002!$K:$K,[1]PLM002!$J:$J,">="&$B$3,[1]PLM002!$J:$J,"<="&$B$4,[1]PLM002!$F:$F,$A24,[1]PLM002!$C:$C,H$6) -> 0 | K24: =I24+J24 -> 0 | L24: =SUMIFS('[1]PLM001-財務計算用'!$P:$P,'[1]PLM001-財務計算用'!$N:$N,"<"&$B$4,'[1]PLM001-財務計算用'!$A:$A,$A24,'[1]PLM001-財務計算用'!$J:$J,L$6) -> 0 | M24: =SUMIFS([1]PLM002!$K:$K,[1]PLM002!$J:$J,"<"&$B$3,[1]PLM002!$F:$F,$A24,[1]PLM002!$C:$C,L$6) -> 0 | N24: =SUMIFS([1]PLM002!$K:$K,[1]PLM002!$J:$J,">="&$B$3,[1]PLM002!$J:$J,"<="&$B$4,[1]PLM002!$F:$F,$A24,[1]PLM002!$C:$C,L$6) -> 0 | O24: =M24+N24 -> 0 | P24: =SUMIFS('[1]PLM001-財務計算用'!$P:$P,'[1]PLM001-財務計算用'!$N:$N,"<"&$B$4,'[1]PLM001-財務計算用'!$A:$A,$A24,'[1]PLM001-財務計算用'!$J:$J,P$6) -> 0 | Q24: =SUMIFS([1]PLM002!$K:$K,[1]PLM002!$J:$J,"<"&$B$3,[1]PLM002!$F:$F,$A24,[1]PLM002!$C:$C,P$6) -> 0 | R24: =SUMIFS([1]PLM002!$K:$K,[1]PLM002!$J:$J,">="&$B$3,[1]PLM002!$J:$J,"<="&$B$4,[1]PLM002!$F:$F,$A24,[1]PLM002!$C:$C,P$6) -> 0 | S24: =Q24+R24 -> 0 | T24: =SUMIFS('[1]PLM001-財務計算用'!$P:$P,'[1]PLM001-財務計算用'!$N:$N,"<"&$B$4,'[1]PLM001-財務計算用'!$A:$A,$A24,'[1]PLM001-財務計算用'!$J:$J,T$6) -> 0 | U24: =SUMIFS([1]PLM002!$K:$K,[1]PLM002!$J:$J,"<"&$B$3,[1]PLM002!$F:$F,$A24,[1]PLM002!$C:$C,T$6) -> 0 | V24: =SUMIFS([1]PLM002!$K:$K,[1]PLM002!$J:$J,">="&$B$3,[1]PLM002!$J:$J,"<="&$B$4,[1]PLM002!$F:$F,$A24,[1]PLM002!$C:$C,T$6) -> 0 | W24: =U24+V24 -> 0 | X24: =SUMIFS('[1]PLM001-財務計算用'!$P:$P,'[1]PLM001-財務計算用'!$N:$N,"<"&$B$4,'[1]PLM001-財務計算用'!$A:$A,$A24,'[1]PLM001-財務計算用'!$J:$J,X$6) -> 0 | Y24: =SUMIFS([1]PLM002!$K:$K,[1]PLM002!$J:$J,"<"&$B$3,[1]PLM002!$F:$F,$A24,[1]PLM002!$C:$C,X$6) -> 0 | Z24: =SUMIFS([1]PLM002!$K:$K,[1]PLM002!$J:$J,">="&$B$3,[1]PLM002!$J:$J,"<="&$B$4,[1]PLM002!$F:$F,$A24,[1]PLM002!$C:$C,X$6) -> 0 | AA24: =Y24+Z24 -> 0
A25: M251201C1 | B25: =VLOOKUP(A25,[1]專案進度表!B:DV,2,FALSE) -> GPX 申請UL-61010認證 | C25: =VLOOKUP(A25,[1]總表!$A:$L,3,FALSE) -> 研發一處 | D25: =VLOOKUP(A25,[1]總表!$A:$L,5,FALSE) -> Active | E25: =SUMIF($H$8:$O$8,E$8,H25:O25) -> 0 | F25: =SUMIF($H$8:$O$8,F$8,H25:O25) -> 0 | G25: =F25/E25 -> #DIV/0! | H25: =SUMIFS('[1]PLM001-財務計算用'!$P:$P,'[1]PLM001-財務計算用'!$N:$N,"<"&$B$4,'[1]PLM001-財務計算用'!$A:$A,$A25,'[1]PLM001-財務計算用'!$J:$J,H$6) -> 0 | I25: =SUMIFS([1]PLM002!$K:$K,[1]PLM002!$J:$J,"<"&$B$3,[1]PLM002!$F:$F,$A25,[1]PLM002!$C:$C,H$6) -> 0 | J25: =SUMIFS([1]PLM002!$K:$K,[1]PLM002!$J:$J,">="&$B$3,[1]PLM002!$J:$J,"<="&$B$4,[1]PLM002!$F:$F,$A25,[1]PLM002!$C:$C,H$6) -> 0 | K25: =I25+J25 -> 0 | L25: =SUMIFS('[1]PLM001-財務計算用'!$P:$P,'[1]PLM001-財務計算用'!$N:$N,"<"&$B$4,'[1]PLM001-財務計算用'!$A:$A,$A25,'[1]PLM001-財務計算用'!$J:$J,L$6) -> 0 | M25: =SUMIFS([1]PLM002!$K:$K,[1]PLM002!$J:$J,"<"&$B$3,[1]PLM002!$F:$F,$A25,[1]PLM002!$C:$C,L$6) -> 0 | N25: =SUMIFS([1]PLM002!$K:$K,[1]PLM002!$J:$J,">="&$B$3,[1]PLM002!$J:$J,"<="&$B$4,[1]PLM002!$F:$F,$A25,[1]PLM002!$C:$C,L$6) -> 0 | O25: =M25+N25 -> 0 | P25: =SUMIFS('[1]PLM001-財務計算用'!$P:$P,'[1]PLM001-財務計算用'!$N:$N,"<"&$B$4,'[1]PLM001-財務計算用'!$A:$A,$A25,'[1]PLM001-財務計算用'!$J:$J,P$6) -> 0 | Q25: =SUMIFS([1]PLM002!$K:$K,[1]PLM002!$J:$J,"<"&$B$3,[1]PLM002!$F:$F,$A25,[1]PLM002!$C:$C,P$6) -> 0 | R25: =SUMIFS([1]PLM002!$K:$K,[1]PLM002!$J:$J,">="&$B$3,[1]PLM002!$J:$J,"<="&$B$4,[1]PLM002!$F:$F,$A25,[1]PLM002!$C:$C,P$6) -> 0 | S25: =Q25+R25 -> 0 | T25: =SUMIFS('[1]PLM001-財務計算用'!$P:$P,'[1]PLM001-財務計算用'!$N:$N,"<"&$B$4,'[1]PLM001-財務計算用'!$A:$A,$A25,'[1]PLM001-財務計算用'!$J:$J,T$6) -> 0 | U25: =SUMIFS([1]PLM002!$K:$K,[1]PLM002!$J:$J,"<"&$B$3,[1]PLM002!$F:$F,$A25,[1]PLM002!$C:$C,T$6) -> 0 | V25: =SUMIFS([1]PLM002!$K:$K,[1]PLM002!$J:$J,">="&$B$3,[1]PLM002!$J:$J,"<="&$B$4,[1]PLM002!$F:$F,$A25,[1]PLM002!$C:$C,T$6) -> 0 | W25: =U25+V25 -> 0 | X25: =SUMIFS('[1]PLM001-財務計算用'!$P:$P,'[1]PLM001-財務計算用'!$N:$N,"<"&$B$4,'[1]PLM001-財務計算用'!$A:$A,$A25,'[1]PLM001-財務計算用'!$J:$J,X$6) -> 0 | Y25: =SUMIFS([1]PLM002!$K:$K,[1]PLM002!$J:$J,"<"&$B$3,[1]PLM002!$F:$F,$A25,[1]PLM002!$C:$C,X$6) -> 0 | Z25: =SUMIFS([1]PLM002!$K:$K,[1]PLM002!$J:$J,">="&$B$3,[1]PLM002!$J:$J,"<="&$B$4,[1]PLM002!$F:$F,$A25,[1]PLM002!$C:$C,X$6) -> 0 | AA25: =Y25+Z25 -> 0
A26: M251201R1 | B26: =VLOOKUP(A26,[1]專案進度表!B:DV,2,FALSE) -> 緊湊型渦街流量計導入專案 | C26: =VLOOKUP(A26,[1]總表!$A:$L,3,FALSE) -> 研一部 | D26: =VLOOKUP(A26,[1]總表!$A:$L,5,FALSE) -> Active | E26: =SUMIF($H$8:$O$8,E$8,H26:O26) -> 0 | F26: =SUMIF($H$8:$O$8,F$8,H26:O26) -> 0 | G26: =F26/E26 -> #DIV/0! | H26: =SUMIFS('[1]PLM001-財務計算用'!$P:$P,'[1]PLM001-財務計算用'!$N:$N,"<"&$B$4,'[1]PLM001-財務計算用'!$A:$A,$A26,'[1]PLM001-財務計算用'!$J:$J,H$6) -> 0 | I26: =SUMIFS([1]PLM002!$K:$K,[1]PLM002!$J:$J,"<"&$B$3,[1]PLM002!$F:$F,$A26,[1]PLM002!$C:$C,H$6) -> 0 | J26: =SUMIFS([1]PLM002!$K:$K,[1]PLM002!$J:$J,">="&$B$3,[1]PLM002!$J:$J,"<="&$B$4,[1]PLM002!$F:$F,$A26,[1]PLM002!$C:$C,H$6) -> 0 | K26: =I26+J26 -> 0 | L26: =SUMIFS('[1]PLM001-財務計算用'!$P:$P,'[1]PLM001-財務計算用'!$N:$N,"<"&$B$4,'[1]PLM001-財務計算用'!$A:$A,$A26,'[1]PLM001-財務計算用'!$J:$J,L$6) -> 0 | M26: =SUMIFS([1]PLM002!$K:$K,[1]PLM002!$J:$J,"<"&$B$3,[1]PLM002!$F:$F,$A26,[1]PLM002!$C:$C,L$6) -> 0 | N26: =SUMIFS([1]PLM002!$K:$K,[1]PLM002!$J:$J,">="&$B$3,[1]PLM002!$J:$J,"<="&$B$4,[1]PLM002!$F:$F,$A26,[1]PLM002!$C:$C,L$6) -> 0 | O26: =M26+N26 -> 0 | P26: =SUMIFS('[1]PLM001-財務計算用'!$P:$P,'[1]PLM001-財務計算用'!$N:$N,"<"&$B$4,'[1]PLM001-財務計算用'!$A:$A,$A26,'[1]PLM001-財務計算用'!$J:$J,P$6) -> 16 | Q26: =SUMIFS([1]PLM002!$K:$K,[1]PLM002!$J:$J,"<"&$B$3,[1]PLM002!$F:$F,$A26,[1]PLM002!$C:$C,P$6) -> 0 | R26: =SUMIFS([1]PLM002!$K:$K,[1]PLM002!$J:$J,">="&$B$3,[1]PLM002!$J:$J,"<="&$B$4,[1]PLM002!$F:$F,$A26,[1]PLM002!$C:$C,P$6) -> 0 | S26: =Q26+R26 -> 0 | T26: =SUMIFS('[1]PLM001-財務計算用'!$P:$P,'[1]PLM001-財務計算用'!$N:$N,"<"&$B$4,'[1]PLM001-財務計算用'!$A:$A,$A26,'[1]PLM001-財務計算用'!$J:$J,T$6) -> 62 | U26: =SUMIFS([1]PLM002!$K:$K,[1]PLM002!$J:$J,"<"&$B$3,[1]PLM002!$F:$F,$A26,[1]PLM002!$C:$C,T$6) -> 0 | V26: =SUMIFS([1]PLM002!$K:$K,[1]PLM002!$J:$J,">="&$B$3,[1]PLM002!$J:$J,"<="&$B$4,[1]PLM002!$F:$F,$A26,[1]PLM002!$C:$C,T$6) -> 0 | W26: =U26+V26 -> 0 | X26: =SUMIFS('[1]PLM001-財務計算用'!$P:$P,'[1]PLM001-財務計算用'!$N:$N,"<"&$B$4,'[1]PLM001-財務計算用'!$A:$A,$A26,'[1]PLM001-財務計算用'!$J:$J,X$6) -> 0 | Y26: =SUMIFS([1]PLM002!$K:$K,[1]PLM002!$J:$J,"<"&$B$3,[1]PLM002!$F:$F,$A26,[1]PLM002!$C:$C,X$6) -> 0 | Z26: =SUMIFS([1]PLM002!$K:$K,[1]PLM002!$J:$J,">="&$B$3,[1]PLM002!$J:$J,"<="&$B$4,[1]PLM002!$F:$F,$A26,[1]PLM002!$C:$C,X$6) -> 0 | AA26: =Y26+Z26 -> 0

Sheet 成員負責專案(延遲項目)
A1: 人員 | B1: 部門名稱 | C1: 職級 | D1: 專案編號 | E1: 專案名稱 | F1: 任務項目 | G1: 預計起始日 | H1: 預計結束日 | I1: 實際開始日 | J1: 預計設工 | K1: 實際設工 | L1: 任務狀態 | M1: 完成% | N1: 專案是否異常 | O1: 描述/延遲原因
A2: 丁智軒 | B2: 研一部 | C2: 副工程師 | D2: D250702R1 | E2: 2025年度-硬體模組化專案 | F2: 熱質式流量計-感測原理與感測電路設計 | G2: 2025/01/02 | H2: 2025/12/31 | J2: 80 | K2: 34 | L2: Active | M2: 0 | N2: 專案延遲372天
A3: 張良琪 | B3: 研一部 | C3: 副理 | D3: K240801R2 | E3: PCB濕製程用插入式壓力感測器 | F3: DVT-QA樣機EOM建立 | G3: 2025/02/10 | H3: 2025/02/10 | J3: 64 | L3: Active | M3: 0 | N3: 專案延遲333天
A4: 張良琪 | B4: 研一部 | C4: 副理 | D4: K240801R2 | E4: PCB濕製程用插入式壓力感測器 | F4: 測試治具設計及製作/移交清單 | G4: 2024/12/23 | H4: 2025/03/04 | I4: 2025/08/05 | J4: 640 | K4: 387 | L4: Active | M4: 0.8 | N4: 專案延遲311天 | O4: 測試治具流程與量測範圍
A5: 張良琪 | B5: 研一部 | C5: 副理 | D5: K240801R2 | E5: PCB濕製程用插入式壓力感測器 | F5: 工程試製 or 工況分析報告 | G5: 2025/04/14 | H5: 2025/05/02 | J5: 800 | L5: Active | M5: 0 | N5: 專案延遲270天
A6: 張良琪 | B6: 研一部 | C6: 副理 | D6: K240801R2 | E6: PCB濕製程用插入式壓力感測器 | F6: 成品 EBOM(含零件庫存清單、採購建議書) | G6: 2025/04/14 | H6: 2025/04/18 | J6: 160 | L6: Active | M6: 0 | N6: 專案延遲270天
A7: 張良琪 | B7: 研一部 | C7: 副理 | D7: K240801R2 | E7: PCB濕製程用插入式壓力感測器 | F7: 列印專案繳付清單(簽核)-SmartQ PLM026 | G7: 2025/05/05 | H7: 2025/05/05 | J7: 64 | L7: Active | M7: 0 | N7: 專案延遲249天
A8: 何昆達 | B8: 研一部 | C8: 主任工程師 | D8: D250802R1 | E8: 申請量桶量槽製作資格 | F8: 量桶量槽校正(工研院)--50L+300L為一組，共三組6個 | G8: 2025/12/02 | H8: 2026/01/28 | J8: 120 | K8: 8 | L8: Active | M8: 0 | N8: 專案延遲38天
A9: 陳奕宏 | B9: 研一部 | C9: 高級工程師 | D9: M251201R1 | E9: 緊湊型渦街流量計導入專案 | F9: 研發內部審查會議記錄 | G9: 2025/12/15 | H9: 2025/12/15 | J9: 40 | L9: Active | M9: 0 | N9: 專案延遲25天
A10: 陳奕宏 | B10: 研一部 | C10: 高級工程師 | D10: M251201R1 | E10: 緊湊型渦街流量計導入專案 | F10: 產品開發風險評估表 | G10: 2025/12/16 | H10: 2025/12/16 | J10: 40 | L10: Active | M10: 0 | N10: 專案延遲24天
A11: 陳奕宏 | B11: 研一部 | C11: 高級工程師 | D11: M251201R1 | E11: 緊湊型渦街流量計導入專案 | F11: 提案審查會議記錄-跨部門 (推廣型號及數量) | G11: 2025/12/17 | H11: 2025/12/17 | J11: 40 | L11: Active | M11: 0 | N11: 專案延遲23天
A12: 陳奕宏 | B12: 研一部 | C12: 高級工程師 | D12: M251201R1 | E12: 緊湊型渦街流量計導入專案 | F12: 產品功能驗證計畫 | G12: 2025/12/18 | H12: 2025/12/24 | J12: 150 | L12: Active | M12: 0 | N12: 專案延遲22天
A13: 陳奕宏 | B13: 研一部 | C13: 高級工程師 | D13: M251201R1 | E13: 緊湊型渦街流量計導入專案 | F13: 預算書(人力預算、設備建置、競爭者樣機購置) | G13: 2025/12/18 | H13: 2025/12/18 | J13: 40 | L13: Active | M13: 0 | N13: 專案延遲22天
A14: 陳奕宏 | B14: 研一部 | C14: 高級工程師 | D14: M251201R1 | E14: 緊湊型渦街流量計導入專案 | F14: 樣品請購(塑膠*3、金屬*4) | G14: 2025/12/18 | H14: 2026/01/09 | J14: 100 | L14: Active | M14: 0 | N14: 專案延遲22天
A15: 鄭珅易 | B15: 研一部 | C15: 助理工程師 | D15: M251201R1 | E15: 緊湊型渦街流量計導入專案 | F15: 型錄、DM與操作手冊草稿編修檔資料 (發起PLM提供給FAE) | G15: 2025/12/18 | H15: 2025/12/18 | J15: 40 | L15: Active | M15: 0 | N15: 專案延遲22天
A16: 鄭珅易 | B16: 研一部 | C16: 助理工程師 | D16: M251201R1 | E16: 緊湊型渦街流量計導入專案 | F16: 標籤貼紙 (回覆標籤版型料號) | G16: 2025/12/19 | H16: 2025/12/19 | J16: 40 | L16: Active | M16: 0 | N16: 專案延遲21天
A17: 何昆達 | B17: 研一部 | C17: 主任工程師 | D17: K251001R1 | E17: EPH水量計型式認證技術規範CNPA49第4版結構驗證與改善 | F17: 世代1-CNPA49第4版測試(軟體/硬體/機構整合) | G17: 2025/12/22 | H17: 2026/01/13 | J17: 864 | L17: Active | M17: 0 | N17: 專案延遲18天

Sheet 專案狀態(含專案延遲項目)
A1: 部門名稱: | B1: 研一部
A2: 專案編號 | B2: 結案日期 | C2: 專案負責人 | D2: 專案總進度 | E2: 專案狀態 | F2: 結案日期 | G2: 項目 | H2: 資料內容
A3: K240801R2 | B3: PCB濕製程用插入式壓力感測器 | C3: 張良琪 | D3: 75 | E3: Active | G3: 任務名稱 | H3: Project preparation needs | I3: Project Development | J3: 硬體設計 | K3: 機構設計 | L3: 軟體設計 | M3: Products produced | N3: Design Verification Test
G4: 任務進度 | H4: 65 | I4: 90 | J4: 100 | K4: 100 | L4: 100 | M4: 60 | N4: 76
G5: 預計開始日 | H5: 45642 | I5: 45642 | J5: 45642 | K5: 45642 | L5: 45642 | M5: 45649 | N5: 45698
G6: 預計結束日 | H6: 45671 | I6: 45708 | J6: 45660 | K6: 45708 | L6: 45698 | M6: 45782 | N6: 45758
G7: 延遲項目/負責人/進度 | H7: 2025/01/06/商品企劃書+QFD (ISO表單：QR-D-19)/吳志嘉/0%_x000D_ | I7: 2025/01/06/產品驗證企劃書/王琇眉/0%_x000D_ 2025/02/07/樣品系統驗證,測試及問題解決(軟體/硬體/機構整合)/丁智軒/80%_x000D_ | M7: 2025/03/04/測試治具設計及製作/移交清單/張良琪/80%_x000D_ 2025/04/11/SOP/加工重點 (半成品/成品/組裝/測試)/張良琪/30%_x000D_ | N7: 2025/04/09/開立內聯單請生管進行PCBA打件 (基本：A:20套 / K:50套 / M:100套，需在專案會議再次確認) /周家儀/0%_x000D_ 2025/04/11/行銷確認首產及送樣規格及套數/吳志嘉/0%_x000D_
A8: M251201R1 | B8: 緊湊型渦街流量計導入專案 | C8: 陳奕宏 | D8: 0 | E8: Active | G8: 任務名稱 | H8: Project preparation needs | I8: Project Development | J8: Products produced Specification | K8: Design Verification Test
G9: 任務進度 | H9: 0 | I9: 0 | J9: 0 | K9: 0
G10: 預計開始日 | H10: 46006 | I10: 46009 | J10: 46010 | K10: 46048
G11: 預計結束日 | H11: 46009 | I11: 46045 | J11: 46079 | K11: 46059
G12: 延遲項目/負責人/進度 | H12: 2025/12/15/研發內部審查會議記錄/陳奕宏/0%_x000D_ 2025/12/16/產品開發風險評估表/陳奕宏/0%_x000D_ | J12: 2025/12/19/標籤貼紙 (回覆標籤版型料號)/鄭珅易/0%_x000D_ 2026/02/10/QC工程表/陳奕宏/0%_x000D_ | K12: 2026/02/06/DVT-QA測試/王琇眉/0%_x000D_

Sheet 工時統計細目
A1: 列印日期: | C1: 2026/01/08 09:44 | D1: 部門: | I1: RD1100
A2: 工時類別 | K2: 一般專案 | P2: 非專案 | R2: 總計
C3: 專案/非專案工時佔比 | E3: 專案工時內，從事非預計專案佔比 | K3: AI伺服器用熱質流量計 | L3: DN50 智慧家戶水表 | M3: PCB濕製程用插入式壓力感測器 | N3: 申請量桶量槽製作資格 | O3: 小計 | P3: 非生產性質的跨部門協助 | Q3: 小計
A4: 部門名稱 | B4: 回報人員 | C4: 專案百分比 | D4: 非專案百分比 | E4: 處理非負責專案時數 | F4: 專案工時 | G4: 處理非負責專案佔專案比例 | H4: 未達專案比例 | I4: 負責專案 | J4: 工時異常備註_x000D_ (非專案百分比高;從事非預計專案佔比大於20%) | K4: 工作時數
B5: 職 稱: | C5: 主任工程師 | D5: 50%：50%
A6: 研一部 | B6: 何昆達 | C6: 0.15625 | D6: 0.84375 | E6: 0 | F6: 5 | G6: 0 | H6: 0.34375 | I6: 2025年度-硬體模組化專案_x000D_ EPH水量計型式認證技術規範CNPA49第4版結構驗證與改善_x000D_ EPH結構改善與提升生產良率_x000D_ 申請量桶量槽製作資格_x000D_ | J6: 1.非專案類工時，比例超過預設值。 | K6: 0 | L6: 0 | M6: 0 | N6: 5 | O6: 5 | P6: 27 | Q6: 27 | R6: 32
B7: 職 稱: | C7: 助理工程師 | D7: 90%：10%
A8: 研一部 | B8: 劉益瑋 | C8: 1 | D8: 0 | E8: 32 | F8: 32 | G8: 1 | H8: 0 | J8: 2.從事非預計專案的比例過高。 | K8: 8 | L8: 24 | M8: 0 | N8: 0 | O8: 32 | P8: 0 | Q8: 0 | R8: 32
A9: 研一部 | B9: 鄭珅易 | C9: 1 | D9: 0 | E9: 32 | F9: 32 | G9: 1 | H9: 0 | I9: 2025年度-硬體模組化專案_x000D_ 緊湊型渦街流量計導入專案_x000D_ | J9: 2.從事非預計專案的比例過高。 | K9: 0 | L9: 0 | M9: 32 | N9: 0 | O9: 32 | P9: 0 | Q9: 0 | R9: 32
B10: 職 稱: | C10: 高級工程師 | D10: 70%：30%
A11: 研一部 | B11: 陳奕宏 | C11: 1 | D11: 0 | E11: 16 | F11: 16 | G11: 1 | H11: 0 | I11: 2025年度-硬體模組化專案_x000D_ 緊湊型渦街流量計導入專案_x000D_ | J11: 2.從事非預計專案的比例過高。 | K11: 16 | L11: 0 | M11: 0 | N11: 0 | O11: 16 | P11: 0 | Q11: 0 | R11: 16
