Workbook

Sheet 00_說明
B2: 研發戰情室 第一層
B3: 異常專案、風險矩陣（機率 × 衝擊）與各處級人力負荷 計算說明
B5: 資料基準日 | C5: 2026-08-14
B6: 對應平台 | C6: 研發戰情室_三層式專案戰情平台.html 第一層 圖表④ 風險矩陣、圖表⑤ 異常專案、圖表⑥ 各處級人力負荷
B7: 用途 | C7: 提供 IT 於帆軟 FineBI 重建時逐格核對；所有計算欄皆為 Excel 公式，可改輸入值驗證邏輯
B9: 工作表 | C9: 內容 | D9: 資料筆數
B10: 01_輸入值來源 | C10: 每一個黃色輸入格的來源檔案、工作表、欄位與取數方式（本檔的資料溯源總表） | D10: 20 項
B11: 10_風險矩陣_評分規則 | C11: P（發生機率）與 I（衝擊程度）的分項評分表、風險分級門檻 | D11: —
B12: 11_風險矩陣_逐案計算 | C12: 在製 26 件逐案：原始輸入 → 分項評分 → P、I → 風險值（含公式） | D12: 26 件
B13: 12_風險矩陣_5x5統計 | C13: 5×5 交叉統計表與各格件數（公式由 11 表統計） | D13: 25 格
B14: 20_人力負荷_計算規則 | C14: 負荷率、負荷分帶、專案工時率、四象限的定義與門檻 | D14: —
B15: 21_人力負荷_逐人明細 | C15: 納入計算之 30 人逐人：近半年工時、應出勤、負荷率、專案工時率、象限 | D15: 30 人
B16: 22_人力負荷_處級彙總 | C16: 平台⑥表格的每一格如何由 21 表加總而來（含公式） | D16: 2 處 + 合計
B17: 23_未排入專案人員 | C17: 以人員名冊比對專案指派，列出未排入專案者之職位名稱與姓名 | D17: 8 人
B18: 30_異常專案_判定規則 | C18: ⑤ 異常專案的範圍、六條判定規則與優先序 | D18: —
B19: 31_異常專案_逐案判定 | C19: 全 44 件逐案：範圍判定 → 六條規則逐條命中 → 主類別（含公式） | D19: 44 件
B20: 40_欄位溯源與FineBI | C20: 兩張圖用到的每個欄位對應到哪個檔案哪一欄，以及 FineBI 建置方式 | D20: —
B22: 重要說明
B23: 1. 淺黃色儲存格＝原始輸入值；白色儲存格＝Excel 公式計算。每個黃色欄位的來源見「01_輸入值來源」，欄標題也附滑鼠註解。
B24: 2. 修改任一輸入值，右側的評分、P/I、風險值、負荷率與象限都會自動重算，可用來驗證判定邏輯。
B25: 3. 風險矩陣僅計「在製 Active」26 件；異常專案僅計「在製且進度 <100%」25 件；已結案與已取消案兩者皆不列入。
B26: 4. 人力負荷僅計「在職且累計工時 ≥ 100 hr」之 30 人（在職＝PLM002 最後回報月份 ≥ 2026-07）。
B27: 5. 21、23 表為具名資料（含個人負荷率與綜合績效百分位），與全員可見的平台不同，屬主管內部管理用途，請勿對外或全員發布。
B28: 6. 所有門檻（風險分數區間、負荷分帶、四象限切點）皆為內部標準，可由管理層調整，調整後兩張圖同步變動。
B29: 7. P 與 I 的四捨五入採 half-up（4.5 → 5），與 Excel／FineBI 的 ROUND 一致，本檔公式可直接重現平台數值。

Sheet 01_輸入值來源
A1: 黃色輸入格的來源對照
A2: 本檔所有淺黃色儲存格皆為原始輸入，不含任何人工估計。下表逐欄說明其來源檔案、工作表、欄位與取數方式；其餘白色儲存格一律由這些輸入值以公式推導。
A4: 本檔工作表 | B4: 欄 | C4: 欄位名稱 | D4: 來源檔案 | E4: 來源工作表 / 欄 | F4: 取數或計算方式 | G4: 本期範例
A5: 11_風險矩陣_逐案計算 | B5: E | C5: 類別 | D5: PLM014.xlsx | E5: 工作表1 A 欄「專案類別」 | F5: 取首字元：K-關鍵→K、D-協同→D、M-養護→M、E-設備→E、G-治具→G | G5: D250101R1 → D
A6: 11_風險矩陣_逐案計算 | B6: F | C6: 逾期天數 | D6: PLM014.xlsx | E6: 工作表1 I 欄「預計完成日」 | F6: 在製案＝MAX(0, 參考日 − I 欄)；參考日為資料基準日 2026-08-14。已結案案改用 N 欄結案日，但本表僅含在製案 | G6: D250101R1 → 472 天
A7: 11_風險矩陣_逐案計算 | B7: G | C7: SPI | D7: PLM014.xlsx | E7: 工作表1 Q / J / L 欄 | F7: SPI = Q 專案總進度 ÷ 時程消耗比；時程消耗比 = 已耗工作日 ÷ J 預計專案周期(工作日)；已耗工作日＝L 任務實際開始日 → 參考日之工作日數（週一至週五） | G7: D250101R1 → 0.16
A8: 11_風險矩陣_逐案計算 | B8: H | C8: 即將異常 | D8: 專案進度表.xlsx | E8: 工作表1 S 欄「專案是否異常」 | F8: 文字含「即將異常」→「是」，否則「否」。此欄是專案進度表在本平台唯一保留的專案層用途 | G8: K250501R2 → 是
A9: 11_風險矩陣_逐案計算 | B9: I | C9: 累計費用(元) | D9: (2026.7月份)研發專案預算與實際統計.xlsx | E9: 2026年-專案費用統計(範圍) V 欄「專案總累計費用」 | F9: 直接取用；A 欄部門為合併儲存格，讀取時需向下填滿才能正確對應 | G9: D250101R1 → 2,549,601
A10: 11_風險矩陣_逐案計算 | B10: J | C10: 投入人力 | D10: 專案進度表.xlsx | E10: 工作表1 Y 欄起（每人 2 欄：預計／實際） | F10: 該專案中「預計或實際設計工時 > 0」之人數。第 3 列為單位群組、第 4 列為姓名、第 5 列為預計／實際 | G10: D250101R1 → 7 人
A11: 31_異常專案_逐案判定 | B11: F | C11: 狀態 | D11: PLM014.xlsx | E11: 工作表1 G 欄「專案狀態」 | F11: Active／Closed／Cancelled；範圍判定用 | G11: D250101R1 → Active
A12: 31_異常專案_逐案判定 | B12: G | C12: 進度% | D12: PLM014.xlsx | E12: 工作表1 Q 欄「專案總進度」 | F12: 直接取用，不重估。進度 =100% 者不納入⑤ | G12: D250101R1 → 98
A13: 31_異常專案_逐案判定 | B13: H | C13: 逾期天數 | D13: PLM014.xlsx | E13: 工作表1 I 欄「預計完成日」 | F13: MAX(0, 參考日 2026-08-14 − I 欄) | G13: D250101R1 → 472
A14: 31_異常專案_逐案判定 | B14: I | C14: SPI | D14: PLM014.xlsx | E14: 工作表1 Q / J / L 欄 | F14: 同 11 表 G 欄之算法 | G14: D250101R1 → 0.16
A15: 31_異常專案_逐案判定 | B15: J | C15: 即將異常 | D15: 專案進度表.xlsx | E15: 工作表1 S 欄「專案是否異常」 | F15: 文字含「即將異常」→ 是 | G15: K250501R2 → 是
... A32: 23_未排入專案人員 | B32: J/K | C32: 累計工時／最後回報月 | D32: PLM002.xlsx | E32: 工作表1 C / I / J 欄 | F32: 以姓名比對；名冊有而 PLM002 無回報者顯示「無回報」 | G32: 鄭華瑜 → 無回報
A34: 共通說明
A35: 1. 上表「來源檔案」皆位於 C:\Git-Data\工作報表\研發戰情室\，共 6 個檔案（PLM014、專案進度表、PLM001、PLM002、預算與實際統計、研發處人員資料）。
A36: 2. 標示「參數（內部設定／內部標準）」者不是從系統取得的資料，而是本平台的計算前提，已集中放在 20 表的參數區，修改後全檔自動重算。
A37: 3. 「綜合績效百分位」是唯一無法從本檔輸入值回推的欄位（需九項指標的完整母體排序），故以結果值帶入並標為輸入。
A38: 4. 工作日定義：週一至週五，不扣國定假日 —— 與 PLM014 原生「預計專案周期（工作日）」的口徑一致。

Sheet 10_風險矩陣_評分規則
A1: 風險矩陣 評分規則
A2: 風險值 = P（發生機率 1–5） × I（衝擊程度 1–5），僅評在製專案。門檻為依桓達 44 件專案分佈校準之內部標準（IEC 31010:2019 Annex B 僅規範矩陣形式，不規定門檻）。
A4: 縱軸 P 分項 | B4: 評分規則 | C4: 分數 | D4: 來源欄位
A5: 逾期天數 | B5: > 180 天 | C5: 5 | D5: PLM014 I 預計完成日 → 參考日
B6: 91 – 180 天 | C6: 4
B7: 31 – 90 天 | C7: 3
B8: 1 – 30 天 | C8: 2
B9: 未逾期 | C9: 1
A10: SPI 時程績效 | B10: < 0.40 | C10: 5 | D10: PLM014 Q ÷（已耗工作日 ÷ J）
B11: 0.40 – 0.59 | C11: 4
B12: 0.60 – 0.79 | C12: 3
B13: 0.80 – 0.94 | C13: 2
B14: ≥ 0.95 | C14: 1
A15: 即將異常標記 | B15: 進度表 S 欄標記為即將異常 → 加 2 分 | C15: 2 | D15: 專案進度表 S 欄
B16: 未標記 → 加 0 分 | C16: 0
A17: P 合成公式 | B17: P = ROUND( (逾期分 + SPI分 + 即將異常加分) / 2 , 0 )，上限 5、下限 1
A19: 橫軸 I 分項 | B19: 評分規則 | C19: 分數 | D19: 權重 / 來源
A20: 專案類別 | B20: K－關鍵 | C20: 5 | D20: 權重 40% PLM014 A 欄
B21: D－協同 | C21: 4
B22: M－養護 | C22: 3
B23: E－其他 | C23: 2
B24: G－一般 | C24: 1
A25: 累計費用 | B25: > 500 萬 | C25: 5 | D25: 權重 40% 費用表 V 欄
B26: 200 – 500 萬 | C26: 4
B27: 80 – 200 萬 | C27: 3
B28: 20 – 80 萬 | C28: 2
B29: ≤ 20 萬 | C29: 1
A30: 投入人力 | B30: ≥ 8 人 | C30: 5 | D30: 權重 20% 專案進度表逐人工時 >0 之人數（含預計）
B31: 6 – 7 人 | C31: 4
B32: 4 – 5 人 | C32: 3
B33: 2 – 3 人 | C33: 2
B34: ≤ 1 人 | C34: 1
A35: I 合成公式 | B35: I = ROUND( 類別分 × 0.4 + 費用分 × 0.4 + 人力分 × 0.2 , 0 )，上限 5、下限 1
A37: 風險分級 | B37: 風險值區間 | C37: 本期件數 | D37: 管理意義
A38: 極高 | B38: ≥ 20 | D38: 列入決策佇列，須明確處置決議
A39: 高 | B39: 12 – 19 | D39: 週會逐案追蹤
A40: 中 | B40: 6 – 11 | D40: 部門自行控管
A41: 低 | B41: < 6 | D41: 例行回報即可

Sheet 11_風險矩陣_逐案計算
A1: 風險矩陣 逐案計算（在製 26 件）
A2: 淺黃欄（E~J）＝原始輸入，來源見「01_輸入值來源」或滑鼠停在欄標題上的註解；其餘為公式。修改輸入值可即時驗證判定邏輯，門檻參照 10 表。
A4: # | B4: 專案編號 | C4: 專案名稱 | D4: 處 / 部門 | E4: 類別 | F4: 逾期天數 | G4: SPI | H4: 即將異常 | I4: 累計費用(元) | J4: 投入人力 | K4: 逾期分 | L4: SPI分 | M4: 異常加分 | N4: P | O4: 類別分 | P4: 費用分 | Q4: 人力分 | R4: I | S4: 風險值 | T4: 等級
A5: 1 | B5: K240801R2 | C5: PCB濕製程用插入式壓力感測器 | D5: 研發一處 / 研一部 | E5: K | F5: 441 | G5: 0.21 | H5: 否 | I5: 5095861 | J5: 18 | K5: =IF(F5>180,5,IF(F5>90,4,IF(F5>30,3,IF(F5>0,2,1)))) -> 5 | L5: =IF(G5="",1,IF(G5<0.4,5,IF(G5<0.6,4,IF(G5<0.8,3,IF(G5<0.95,2,1))))) -> 5 | M5: =IF(H5="是",2,0) -> 0 | N5: =MAX(1,MIN(5,ROUND((K5+L5+M5)/2,0))) -> 5 | O5: =IF(E5="K",5,IF(E5="D",4,IF(E5="M",3,IF(E5="E",2,1)))) -> 5 | P5: =IF(I5>5000000,5,IF(I5>2000000,4,IF(I5>800000,3,IF(I5>200000,2,1)))) -> 5 | Q5: =IF(J5>=8,5,IF(J5>=6,4,IF(J5>=4,3,IF(J5>=2,2,1)))) -> 5 | R5: =MAX(1,MIN(5,ROUND(O5*0.4+P5*0.4+Q5*0.2,0))) -> 5 | S5: =N5*R5 -> 25 | T5: =IF(S5>=20,"極高",IF(S5>=12,"高",IF(S5>=6,"中","低"))) -> 極高
A6: 2 | B6: D250101R1 | C6: AI冷卻系統數位通訊溫度偵測器 | D6: 研發一處 / 研二部 | E6: D | F6: 472 | G6: 0.16 | H6: 否 | I6: 2549601 | J6: 9 | K6: =IF(F6>180,5,IF(F6>90,4,IF(F6>30,3,IF(F6>0,2,1)))) -> 5 | L6: =IF(G6="",1,IF(G6<0.4,5,IF(G6<0.6,4,IF(G6<0.8,3,IF(G6<0.95,2,1))))) -> 5 | M6: =IF(H6="是",2,0) -> 0 | N6: =MAX(1,MIN(5,ROUND((K6+L6+M6)/2,0))) -> 5 | O6: =IF(E6="K",5,IF(E6="D",4,IF(E6="M",3,IF(E6="E",2,1)))) -> 4 | P6: =IF(I6>5000000,5,IF(I6>2000000,4,IF(I6>800000,3,IF(I6>200000,2,1)))) -> 4 | Q6: =IF(J6>=8,5,IF(J6>=6,4,IF(J6>=4,3,IF(J6>=2,2,1)))) -> 5 | R6: =MAX(1,MIN(5,ROUND(O6*0.4+P6*0.4+Q6*0.2,0))) -> 4 | S6: =N6*R6 -> 20 | T6: =IF(S6>=20,"極高",IF(S6>=12,"高",IF(S6>=6,"中","低"))) -> 極高
A7: 3 | B7: M250201C1 | C7: 工業爆炸環境防爆型音叉感測器 | D7: 研發一處 / 研二部 | E7: M | F7: 326 | G7: 0.19 | H7: 否 | I7: 2443934 | J7: 8 | K7: =IF(F7>180,5,IF(F7>90,4,IF(F7>30,3,IF(F7>0,2,1)))) -> 5 | L7: =IF(G7="",1,IF(G7<0.4,5,IF(G7<0.6,4,IF(G7<0.8,3,IF(G7<0.95,2,1))))) -> 5 | M7: =IF(H7="是",2,0) -> 0 | N7: =MAX(1,MIN(5,ROUND((K7+L7+M7)/2,0))) -> 5 | O7: =IF(E7="K",5,IF(E7="D",4,IF(E7="M",3,IF(E7="E",2,1)))) -> 3 | P7: =IF(I7>5000000,5,IF(I7>2000000,4,IF(I7>800000,3,IF(I7>200000,2,1)))) -> 4 | Q7: =IF(J7>=8,5,IF(J7>=6,4,IF(J7>=4,3,IF(J7>=2,2,1)))) -> 5 | R7: =MAX(1,MIN(5,ROUND(O7*0.4+P7*0.4+Q7*0.2,0))) -> 4 | S7: =N7*R7 -> 20 | T7: =IF(S7>=20,"極高",IF(S7>=12,"高",IF(S7>=6,"中","低"))) -> 極高
A8: 4 | B8: K201002P2 | C8: (K201002R2)SP數位熱質式開關-DC一體型II | D8: 研發二處 / 自動化 | E8: D | F8: 136 | G8: 0.28 | H8: 否 | I8: 866748 | J8: 6 | K8: =IF(F8>180,5,IF(F8>90,4,IF(F8>30,3,IF(F8>0,2,1)))) -> 4 | L8: =IF(G8="",1,IF(G8<0.4,5,IF(G8<0.6,4,IF(G8<0.8,3,IF(G8<0.95,2,1))))) -> 5 | M8: =IF(H8="是",2,0) -> 0 | N8: =MAX(1,MIN(5,ROUND((K8+L8+M8)/2,0))) -> 5 | O8: =IF(E8="K",5,IF(E8="D",4,IF(E8="M",3,IF(E8="E",2,1)))) -> 4 | P8: =IF(I8>5000000,5,IF(I8>2000000,4,IF(I8>800000,3,IF(I8>200000,2,1)))) -> 3 | Q8: =IF(J8>=8,5,IF(J8>=6,4,IF(J8>=4,3,IF(J8>=2,2,1)))) -> 4 | R8: =MAX(1,MIN(5,ROUND(O8*0.4+P8*0.4+Q8*0.2,0))) -> 4 | S8: =N8*R8 -> 20 | T8: =IF(S8>=20,"極高",IF(S8>=12,"高",IF(S8>=6,"中","低"))) -> 極高
A9: 5 | B9: M251001R1 | C9: SDX緊湊型光電開關設計 | D9: 研發一處 / 研二部 | E9: M | F9: 120 | G9: 0.35 | H9: 否 | I9: 4962281 | J9: 13 | K9: =IF(F9>180,5,IF(F9>90,4,IF(F9>30,3,IF(F9>0,2,1)))) -> 4 | L9: =IF(G9="",1,IF(G9<0.4,5,IF(G9<0.6,4,IF(G9<0.8,3,IF(G9<0.95,2,1))))) -> 5 | M9: =IF(H9="是",2,0) -> 0 | N9: =MAX(1,MIN(5,ROUND((K9+L9+M9)/2,0))) -> 5 | O9: =IF(E9="K",5,IF(E9="D",4,IF(E9="M",3,IF(E9="E",2,1)))) -> 3 | P9: =IF(I9>5000000,5,IF(I9>2000000,4,IF(I9>800000,3,IF(I9>200000,2,1)))) -> 4 | Q9: =IF(J9>=8,5,IF(J9>=6,4,IF(J9>=4,3,IF(J9>=2,2,1)))) -> 5 | R9: =MAX(1,MIN(5,ROUND(O9*0.4+P9*0.4+Q9*0.2,0))) -> 4 | S9: =N9*R9 -> 20 | T9: =IF(S9>=20,"極高",IF(S9>=12,"高",IF(S9>=6,"中","低"))) -> 極高
A10: 6 | B10: K250501R2 | C10: C級奧多曼電子水量計 | D10: 研發二處 / 產品開發 | E10: K | F10: 0 | G10: 0.51 | H10: 是 | I10: 8040110 | J10: 14 | K10: =IF(F10>180,5,IF(F10>90,4,IF(F10>30,3,IF(F10>0,2,1)))) -> 1 | L10: =IF(G10="",1,IF(G10<0.4,5,IF(G10<0.6,4,IF(G10<0.8,3,IF(G10<0.95,2,1))))) -> 4 | M10: =IF(H10="是",2,0) -> 2 | N10: =MAX(1,MIN(5,ROUND((K10+L10+M10)/2,0))) -> 4 | O10: =IF(E10="K",5,IF(E10="D",4,IF(E10="M",3,IF(E10="E",2,1)))) -> 5 | P10: =IF(I10>5000000,5,IF(I10>2000000,4,IF(I10>800000,3,IF(I10>200000,2,1)))) -> 5 | Q10: =IF(J10>=8,5,IF(J10>=6,4,IF(J10>=4,3,IF(J10>=2,2,1)))) -> 5 | R10: =MAX(1,MIN(5,ROUND(O10*0.4+P10*0.4+Q10*0.2,0))) -> 5 | S10: =N10*R10 -> 20 | T10: =IF(S10>=20,"極高",IF(S10>=12,"高",IF(S10>=6,"中","低"))) -> 極高
A11: 7 | B11: K251101R1 | C11: 精巧型電磁流量計 | D11: 研發一處 / 研三部 | E11: K | F11: 0 | G11: 0.23 | H11: 是 | I11: 4763845 | J11: 16 | K11: =IF(F11>180,5,IF(F11>90,4,IF(F11>30,3,IF(F11>0,2,1)))) -> 1 | L11: =IF(G11="",1,IF(G11<0.4,5,IF(G11<0.6,4,IF(G11<0.8,3,IF(G11<0.95,2,1))))) -> 5 | M11: =IF(H11="是",2,0) -> 2 | N11: =MAX(1,MIN(5,ROUND((K11+L11+M11)/2,0))) -> 4 | O11: =IF(E11="K",5,IF(E11="D",4,IF(E11="M",3,IF(E11="E",2,1)))) -> 5 | P11: =IF(I11>5000000,5,IF(I11>2000000,4,IF(I11>800000,3,IF(I11>200000,2,1)))) -> 4 | Q11: =IF(J11>=8,5,IF(J11>=6,4,IF(J11>=4,3,IF(J11>=2,2,1)))) -> 5 | R11: =MAX(1,MIN(5,ROUND(O11*0.4+P11*0.4+Q11*0.2,0))) -> 5 | S11: =N11*R11 -> 20 | T11: =IF(S11>=20,"極高",IF(S11>=12,"高",IF(S11>=6,"中","低"))) -> 極高
A12: 8 | B12: M250301C1 | C12: 一體型電磁流量計北美多重防爆認證 | D12: 研發一處 / 研發一處直屬 | E12: M | F12: 58 | G12: 0.56 | H12: 否 | I12: 5913818 | J12: 9 | K12: =IF(F12>180,5,IF(F12>90,4,IF(F12>30,3,IF(F12>0,2,1)))) -> 3 | L12: =IF(G12="",1,IF(G12<0.4,5,IF(G12<0.6,4,IF(G12<0.8,3,IF(G12<0.95,2,1))))) -> 4 | M12: =IF(H12="是",2,0) -> 0 | N12: =MAX(1,MIN(5,ROUND((K12+L12+M12)/2,0))) -> 4 | O12: =IF(E12="K",5,IF(E12="D",4,IF(E12="M",3,IF(E12="E",2,1)))) -> 3 | P12: =IF(I12>5000000,5,IF(I12>2000000,4,IF(I12>800000,3,IF(I12>200000,2,1)))) -> 5 | Q12: =IF(J12>=8,5,IF(J12>=6,4,IF(J12>=4,3,IF(J12>=2,2,1)))) -> 5 | R12: =MAX(1,MIN(5,ROUND(O12*0.4+P12*0.4+Q12*0.2,0))) -> 4 | S12: =N12*R12 -> 16 | T12: =IF(S12>=20,"極高",IF(S12>=12,"高",IF(S12>=6,"中","低"))) -> 高
A13: 9 | B13: K251001R1 | C13: EPH水量計型式認證技術規範CNPA49第4版結構驗證與 | D13: 研發一處 / 研一部 | E13: K | F13: 46 | G13: 0.27 | H13: 否 | I13: 1255295 | J13: 12 | K13: =IF(F13>180,5,IF(F13>90,4,IF(F13>30,3,IF(F13>0,2,1)))) -> 3 | L13: =IF(G13="",1,IF(G13<0.4,5,IF(G13<0.6,4,IF(G13<0.8,3,IF(G13<0.95,2,1))))) -> 5 | M13: =IF(H13="是",2,0) -> 0 | N13: =MAX(1,MIN(5,ROUND((K13+L13+M13)/2,0))) -> 4 | O13: =IF(E13="K",5,IF(E13="D",4,IF(E13="M",3,IF(E13="E",2,1)))) -> 5 | P13: =IF(I13>5000000,5,IF(I13>2000000,4,IF(I13>800000,3,IF(I13>200000,2,1)))) -> 3 | Q13: =IF(J13>=8,5,IF(J13>=6,4,IF(J13>=4,3,IF(J13>=2,2,1)))) -> 5 | R13: =MAX(1,MIN(5,ROUND(O13*0.4+P13*0.4+Q13*0.2,0))) -> 4 | S13: =N13*R13 -> 16 | T13: =IF(S13>=20,"極高",IF(S13>=12,"高",IF(S13>=6,"中","低"))) -> 高
A14: 10 | B14: M240101P1 | C14: 首次生產-液體洩漏偵測器 | D14: 研發二處 / 自動化 | E14: D | F14: 135 | G14: 0.4 | H14: 否 | I14: 489060 | J14: 10 | K14: =IF(F14>180,5,IF(F14>90,4,IF(F14>30,3,IF(F14>0,2,1)))) -> 4 | L14: =IF(G14="",1,IF(G14<0.4,5,IF(G14<0.6,4,IF(G14<0.8,3,IF(G14<0.95,2,1))))) -> 4 | M14: =IF(H14="是",2,0) -> 0 | N14: =MAX(1,MIN(5,ROUND((K14+L14+M14)/2,0))) -> 4 | O14: =IF(E14="K",5,IF(E14="D",4,IF(E14="M",3,IF(E14="E",2,1)))) -> 4 | P14: =IF(I14>5000000,5,IF(I14>2000000,4,IF(I14>800000,3,IF(I14>200000,2,1)))) -> 2 | Q14: =IF(J14>=8,5,IF(J14>=6,4,IF(J14>=4,3,IF(J14>=2,2,1)))) -> 5 | R14: =MAX(1,MIN(5,ROUND(O14*0.4+P14*0.4+Q14*0.2,0))) -> 3 | S14: =N14*R14 -> 12 | T14: =IF(S14>=20,"極高",IF(S14>=12,"高",IF(S14>=6,"中","低"))) -> 高
A15: 11 | B15: K231101P1 | C15: 首次生產-AI伺服器用熱質流量計 | D15: 研發二處 / 自動化 | E15: D | F15: 15 | G15: 0.75 | H15: 否 | I15: 1062354 | J15: 10 | K15: =IF(F15>180,5,IF(F15>90,4,IF(F15>30,3,IF(F15>0,2,1)))) -> 2 | L15: =IF(G15="",1,IF(G15<0.4,5,IF(G15<0.6,4,IF(G15<0.8,3,IF(G15<0.95,2,1))))) -> 3 | M15: =IF(H15="是",2,0) -> 0 | N15: =MAX(1,MIN(5,ROUND((K15+L15+M15)/2,0))) -> 3 | O15: =IF(E15="K",5,IF(E15="D",4,IF(E15="M",3,IF(E15="E",2,1)))) -> 4 | P15: =IF(I15>5000000,5,IF(I15>2000000,4,IF(I15>800000,3,IF(I15>200000,2,1)))) -> 3 | Q15: =IF(J15>=8,5,IF(J15>=6,4,IF(J15>=4,3,IF(J15>=2,2,1)))) -> 5 | R15: =MAX(1,MIN(5,ROUND(O15*0.4+P15*0.4+Q15*0.2,0))) -> 4 | S15: =N15*R15 -> 12 | T15: =IF(S15>=20,"極高",IF(S15>=12,"高",IF(S15>=6,"中","低"))) -> 高
A16: 12 | B16: D260402R1 | C16: 音叉式開關優化 | D16: 研發一處 / 研發一處直屬 | E16: D | F16: 0 | G16: 0.39 | H16: 是 | I16: 222444 | J16: 3 | K16: =IF(F16>180,5,IF(F16>90,4,IF(F16>30,3,IF(F16>0,2,1)))) -> 1 | L16: =IF(G16="",1,IF(G16<0.4,5,IF(G16<0.6,4,IF(G16<0.8,3,IF(G16<0.95,2,1))))) -> 5 | M16: =IF(H16="是",2,0) -> 2 | N16: =MAX(1,MIN(5,ROUND((K16+L16+M16)/2,0))) -> 4 | O16: =IF(E16="K",5,IF(E16="D",4,IF(E16="M",3,IF(E16="E",2,1)))) -> 4 | P16: =IF(I16>5000000,5,IF(I16>2000000,4,IF(I16>800000,3,IF(I16>200000,2,1)))) -> 2 | Q16: =IF(J16>=8,5,IF(J16>=6,4,IF(J16>=4,3,IF(J16>=2,2,1)))) -> 2 | R16: =MAX(1,MIN(5,ROUND(O16*0.4+P16*0.4+Q16*0.2,0))) -> 3 | S16: =N16*R16 -> 12 | T16: =IF(S16>=20,"極高",IF(S16>=12,"高",IF(S16>=6,"中","低"))) -> 高
... A30: 26 | B30: E260601I1 | C30: 粉體流量可靠度測場 | D30: 研發二處 / 自動化 | E30: E | F30: 0 | G30: 0.62 | H30: 否 | I30: 152566 | J30: 1 | K30: =IF(F30>180,5,IF(F30>90,4,IF(F30>30,3,IF(F30>0,2,1)))) -> 1 | L30: =IF(G30="",1,IF(G30<0.4,5,IF(G30<0.6,4,IF(G30<0.8,3,IF(G30<0.95,2,1))))) -> 3 | M30: =IF(H30="是",2,0) -> 0 | N30: =MAX(1,MIN(5,ROUND((K30+L30+M30)/2,0))) -> 2 | O30: =IF(E30="K",5,IF(E30="D",4,IF(E30="M",3,IF(E30="E",2,1)))) -> 2 | P30: =IF(I30>5000000,5,IF(I30>2000000,4,IF(I30>800000,3,IF(I30>200000,2,1)))) -> 1 | Q30: =IF(J30>=8,5,IF(J30>=6,4,IF(J30>=4,3,IF(J30>=2,2,1)))) -> 1 | R30: =MAX(1,MIN(5,ROUND(O30*0.4+P30*0.4+Q30*0.2,0))) -> 1 | S30: =N30*R30 -> 2 | T30: =IF(S30>=20,"極高",IF(S30>=12,"高",IF(S30>=6,"中","低"))) -> 低
B31: 合計 / 統計 | I31: =SUM(I5:I30) -> 41007889 | S31: =AVERAGE(S5:S30) -> 12.538462 | T31: =COUNTIF(S5:S30,">=12")&" 件≥12" -> 15 件≥12
B33: 高風險（≥12）累計費用 | I33: =SUMIF(S5:S30,">=12",I5:I30) -> 38726183 | K33: ← 平台第一層⑤下方文字所引用之金額
B34: 驗證：件數應為 26 | I34: =COUNTA(B5:B30) -> 26

Sheet 12_風險矩陣_5x5統計
A1: 風險矩陣 5×5 交叉統計
A2: 格內數字＝落在該（P, I）組合的在製案件數，由 11 表以 COUNTIFS 統計。右上角為需優先處理區。
B4: 衝擊程度 I →
B5: P ＼ I | C5: 1 極低 | D5: 2 低 | E5: 3 中 | F5: 4 高 | G5: 5 極高 | H5: 列小計
B6: 5 極高 | C6: =COUNTIFS(11_風險矩陣_逐案計算!$N$5:$N$30,5,11_風險矩陣_逐案計算!$R$5:$R$30,1) -> 0 | D6: =COUNTIFS(11_風險矩陣_逐案計算!$N$5:$N$30,5,11_風險矩陣_逐案計算!$R$5:$R$30,2) -> 0 | E6: =COUNTIFS(11_風險矩陣_逐案計算!$N$5:$N$30,5,11_風險矩陣_逐案計算!$R$5:$R$30,3) -> 0 | F6: =COUNTIFS(11_風險矩陣_逐案計算!$N$5:$N$30,5,11_風險矩陣_逐案計算!$R$5:$R$30,4) -> 4 | G6: =COUNTIFS(11_風險矩陣_逐案計算!$N$5:$N$30,5,11_風險矩陣_逐案計算!$R$5:$R$30,5) -> 1 | H6: =SUM(C6:G6) -> 5
B7: 4 高 | C7: =COUNTIFS(11_風險矩陣_逐案計算!$N$5:$N$30,4,11_風險矩陣_逐案計算!$R$5:$R$30,1) -> 0 | D7: =COUNTIFS(11_風險矩陣_逐案計算!$N$5:$N$30,4,11_風險矩陣_逐案計算!$R$5:$R$30,2) -> 4 | E7: =COUNTIFS(11_風險矩陣_逐案計算!$N$5:$N$30,4,11_風險矩陣_逐案計算!$R$5:$R$30,3) -> 5 | F7: =COUNTIFS(11_風險矩陣_逐案計算!$N$5:$N$30,4,11_風險矩陣_逐案計算!$R$5:$R$30,4) -> 2 | G7: =COUNTIFS(11_風險矩陣_逐案計算!$N$5:$N$30,4,11_風險矩陣_逐案計算!$R$5:$R$30,5) -> 2 | H7: =SUM(C7:G7) -> 13
B8: 3 中 | C8: =COUNTIFS(11_風險矩陣_逐案計算!$N$5:$N$30,3,11_風險矩陣_逐案計算!$R$5:$R$30,1) -> 0 | D8: =COUNTIFS(11_風險矩陣_逐案計算!$N$5:$N$30,3,11_風險矩陣_逐案計算!$R$5:$R$30,2) -> 2 | E8: =COUNTIFS(11_風險矩陣_逐案計算!$N$5:$N$30,3,11_風險矩陣_逐案計算!$R$5:$R$30,3) -> 3 | F8: =COUNTIFS(11_風險矩陣_逐案計算!$N$5:$N$30,3,11_風險矩陣_逐案計算!$R$5:$R$30,4) -> 1 | G8: =COUNTIFS(11_風險矩陣_逐案計算!$N$5:$N$30,3,11_風險矩陣_逐案計算!$R$5:$R$30,5) -> 0 | H8: =SUM(C8:G8) -> 6
B9: 2 低 | C9: =COUNTIFS(11_風險矩陣_逐案計算!$N$5:$N$30,2,11_風險矩陣_逐案計算!$R$5:$R$30,1) -> 1 | D9: =COUNTIFS(11_風險矩陣_逐案計算!$N$5:$N$30,2,11_風險矩陣_逐案計算!$R$5:$R$30,2) -> 0 | E9: =COUNTIFS(11_風險矩陣_逐案計算!$N$5:$N$30,2,11_風險矩陣_逐案計算!$R$5:$R$30,3) -> 0 | F9: =COUNTIFS(11_風險矩陣_逐案計算!$N$5:$N$30,2,11_風險矩陣_逐案計算!$R$5:$R$30,4) -> 0 | G9: =COUNTIFS(11_風險矩陣_逐案計算!$N$5:$N$30,2,11_風險矩陣_逐案計算!$R$5:$R$30,5) -> 0 | H9: =SUM(C9:G9) -> 1
B10: 1 極低 | C10: =COUNTIFS(11_風險矩陣_逐案計算!$N$5:$N$30,1,11_風險矩陣_逐案計算!$R$5:$R$30,1) -> 0 | D10: =COUNTIFS(11_風險矩陣_逐案計算!$N$5:$N$30,1,11_風險矩陣_逐案計算!$R$5:$R$30,2) -> 0 | E10: =COUNTIFS(11_風險矩陣_逐案計算!$N$5:$N$30,1,11_風險矩陣_逐案計算!$R$5:$R$30,3) -> 0 | F10: =COUNTIFS(11_風險矩陣_逐案計算!$N$5:$N$30,1,11_風險矩陣_逐案計算!$R$5:$R$30,4) -> 1 | G10: =COUNTIFS(11_風險矩陣_逐案計算!$N$5:$N$30,1,11_風險矩陣_逐案計算!$R$5:$R$30,5) -> 0 | H10: =SUM(C10:G10) -> 1
B11: 欄小計 | C11: =SUM(C6:C10) -> 1 | D11: =SUM(D6:D10) -> 6 | E11: =SUM(E6:E10) -> 8 | F11: =SUM(F6:F10) -> 8 | G11: =SUM(G6:G10) -> 3 | H11: =SUM(C11:G11) -> 26
B13: 風險分級統計
B14: 等級 | C14: 件數 | D14: 累計費用 | E14: 占在製比
B15: 極高 ≥20 | C15: =COUNTIFS(11_風險矩陣_逐案計算!$S$5:$S$30,">="&20,11_風險矩陣_逐案計算!$S$5:$S$30,"<="&999) -> 7 | D15: =SUMIFS(11_風險矩陣_逐案計算!$I$5:$I$30,11_風險矩陣_逐案計算!$S$5:$S$30,">="&20,11_風險矩陣_逐案計算!$S$5:$S$30,"<="&999) -> 28722380 | E15: =C15/$C$19 -> 0.26923077
B16: 高 12–19 | C16: =COUNTIFS(11_風險矩陣_逐案計算!$S$5:$S$30,">="&12,11_風險矩陣_逐案計算!$S$5:$S$30,"<="&19) -> 8 | D16: =SUMIFS(11_風險矩陣_逐案計算!$I$5:$I$30,11_風險矩陣_逐案計算!$S$5:$S$30,">="&12,11_風險矩陣_逐案計算!$S$5:$S$30,"<="&19) -> 10003803 | E16: =C16/$C$19 -> 0.30769231
B17: 中 6–11 | C17: =COUNTIFS(11_風險矩陣_逐案計算!$S$5:$S$30,">="&6,11_風險矩陣_逐案計算!$S$5:$S$30,"<="&11) -> 9 | D17: =SUMIFS(11_風險矩陣_逐案計算!$I$5:$I$30,11_風險矩陣_逐案計算!$S$5:$S$30,">="&6,11_風險矩陣_逐案計算!$S$5:$S$30,"<="&11) -> 1056065 | E17: =C17/$C$19 -> 0.34615385
B18: 低 <6 | C18: =COUNTIFS(11_風險矩陣_逐案計算!$S$5:$S$30,">="&0,11_風險矩陣_逐案計算!$S$5:$S$30,"<="&5) -> 2 | D18: =SUMIFS(11_風險矩陣_逐案計算!$I$5:$I$30,11_風險矩陣_逐案計算!$S$5:$S$30,">="&0,11_風險矩陣_逐案計算!$S$5:$S$30,"<="&5) -> 1225641 | E18: =C18/$C$19 -> 0.076923077
B19: 合計 | C19: =SUM(C15:C18) -> 26 | D19: =SUM(D15:D18) -> 41007889

Sheet 20_人力負荷_計算規則
A1: 各處級人力負荷 計算規則
A2: 母體：在職且累計工時 ≥ 100 hr 之研發人員，本期 30 人。在職＝PLM002 最後一筆回報月份 ≥ 2026-07。
A4: 項目 | B4: 定義 / 公式 | C4: 門檻與參數 | D4: 來源欄位
A5: 納入母體 | B5: 在職 且 累計回報工時 ≥ 100 hr | C5: 標準工時 176 hr/月 | D5: PLM002 C 回報人員、I 日期、J 時數
A6: 近半年工時 | B6: 2026-03 ~ 2026-08 之回報工時加總 | C6: 滾動 6 個月視窗 | D6: PLM002 I / J
A7: 應出勤工時 | B7: 176 × 6 個月；當月未過完者按工作日折算 | C7: 2026-08 折算係數 12/22 | D7: 參數（可調）
A8: 負荷率 | B8: 近半年工時 ÷ 應出勤工時 × 100 | C8: — | D8: 計算欄
A9: 負荷分帶 | B9: 過載 >110%／飽和 85–110%／適中 60–85%／低度 <60% | C9: 85% 為飽和門檻 | D9: 計算欄
A10: 淨工時 | B10: 全期回報工時扣除「休假」類別 | C10: 期間 2024-06-27 ~ 2026-08-12 | D10: PLM002 E 工時類別
A11: 專案工時 | B11: 工時類別＝「一般專案」之工時（該類別 100% 掛專案編號） | C11: 其餘 14 類均低於 26% | D11: PLM002 E / F
A12: 專案工時率 | B12: 處內人員專案工時加總 ÷ 淨工時加總 × 100 | C12: 先加總再相除，非個人比率取平均 | D12: 計算欄
A13: 綜合績效百分位 | B13: 九項指標之百分位加權，輸出 0–100 | C13: 見說明文件 §5 | D13: 多來源
A14: 四象限 | B14: 以負荷 85% 與績效第 50 百分位切分 | C14: 高效主力／過勞低效／量能未滿／需輔導 | D14: 計算欄
A16: 參數區（黃色＝可調參數，修改後 21 / 22 表自動重算；來源見「01_輸入值來源」）
A17: 標準月工時 | B17: 176 | C17: hr/月
A18: 計算月數 | B18: 6 | C18: 月
A19: 末月可出勤工作日 | B19: 10 | C19: 日（8/1~8/14）
A20: 末月全月工作日 | B20: 21 | C20: 日（2026-08）
A21: 飽和門檻 | B21: 85 | C21: %
A22: 過載門檻 | B22: 110 | C22: %
A23: 適中門檻 | B23: 60 | C23: %
A24: 績效切點 | B24: 50 | C24: 百分位
A25: 應出勤工時（全期在職者） | B25: =20_人力負荷_計算規則!$B$17*(20_人力負荷_計算規則!$B$18-1)+20_人力負荷_計算規則!$B$17*20_人力負荷_計算規則!$B$19/20_人力負荷_計算規則!$B$20 -> 963.80952 | C25: ＝176 × 5 ＋ 176 × 10/21
A26: 新進人員之應出勤 | B26: 逐人折算 | C26: 到職日在視窗內者，僅計到職日之後的工作日（見 21 表 G 欄）

Sheet 21_人力負荷_逐人明細
A1: 各處級人力負荷 逐人明細（30 人）
A2: 淺黃欄（F、G、J、K、M）＝原始輸入，來源見「01_輸入值來源」或欄標題註解；其餘為公式。本表含具名之個人負荷與績效百分位，屬內部管理用途，請勿轉為全員可見文件。
A4: # | B4: 姓名 | C4: 處 | D4: 部門 | E4: 職稱 | F4: 近半年工時(hr) | G4: 應出勤(hr) | H4: 負荷率 | I4: 負荷分帶 | J4: 淨工時(hr) | K4: 專案工時(hr) | L4: 非專案占比 | M4: 綜合績效百分位 | N4: 負荷≥門檻 | O4: 績效≥切點 | P4: 四象限 | Q4: 在製案 | R4: 逾期未結
A5: 1 | B5: 李騏敬 | C5: 研發一處 | D5: 研二部 | E5: 副工程師 | F5: 946 | G5: 963.8 | H5: =F5/G5 -> 0.98153144 | I5: =IF(H5>20_人力負荷_計算規則!$B$22/100,"過載",IF(H5>=20_人力負荷_計算規則!$B$21/100,"飽和",IF(H5>=20_人力負荷_計算規則!$B$23/100,"適中","低度"))) -> 飽和 | J5: 4120 | K5: 2924.5 | L5: =1-K5/J5 -> 0.2901699 | M5: 37.4 | N5: =IF(H5>=20_人力負荷_計算規則!$B$21/100,1,0) -> 1 | O5: =IF(M5>=20_人力負荷_計算規則!$B$24,1,0) -> 0 | P5: =IF(N5=1,IF(O5=1,"高效主力","過勞低效"),IF(O5=1,"量能未滿","需輔導")) -> 過勞低效 | Q5: 5 | R5: 7
A6: 2 | B6: 張文魁 | C6: 研發一處 | D6: 技術中心 | E6: 高級工程師 | F6: 924 | G6: 963.8 | H6: =F6/G6 -> 0.95870513 | I6: =IF(H6>20_人力負荷_計算規則!$B$22/100,"過載",IF(H6>=20_人力負荷_計算規則!$B$21/100,"飽和",IF(H6>=20_人力負荷_計算規則!$B$23/100,"適中","低度"))) -> 飽和 | J6: 4028 | K6: 3552 | L6: =1-K6/J6 -> 0.11817279 | M6: 62.4 | N6: =IF(H6>=20_人力負荷_計算規則!$B$21/100,1,0) -> 1 | O6: =IF(M6>=20_人力負荷_計算規則!$B$24,1,0) -> 1 | P6: =IF(N6=1,IF(O6=1,"高效主力","過勞低效"),IF(O6=1,"量能未滿","需輔導")) -> 高效主力 | Q6: 5 | R6: 2
A7: 3 | B7: 陳威諭 | C7: 研發一處 | D7: 研發一處直屬 | E7: 高級工程師 | F7: 920 | G7: 963.8 | H7: =F7/G7 -> 0.95455489 | I7: =IF(H7>20_人力負荷_計算規則!$B$22/100,"過載",IF(H7>=20_人力負荷_計算規則!$B$21/100,"飽和",IF(H7>=20_人力負荷_計算規則!$B$23/100,"適中","低度"))) -> 飽和 | J7: 2880.5 | K7: 1560 | L7: =1-K7/J7 -> 0.45842736 | M7: 58.3 | N7: =IF(H7>=20_人力負荷_計算規則!$B$21/100,1,0) -> 1 | O7: =IF(M7>=20_人力負荷_計算規則!$B$24,1,0) -> 1 | P7: =IF(N7=1,IF(O7=1,"高效主力","過勞低效"),IF(O7=1,"量能未滿","需輔導")) -> 高效主力 | Q7: 4 | R7: 15
A8: 4 | B8: 莊廉琯 | C8: 研發一處 | D8: 研二部 | E8: 副工程師 | F8: 913 | G8: 963.8 | H8: =F8/G8 -> 0.94729197 | I8: =IF(H8>20_人力負荷_計算規則!$B$22/100,"過載",IF(H8>=20_人力負荷_計算規則!$B$21/100,"飽和",IF(H8>=20_人力負荷_計算規則!$B$23/100,"適中","低度"))) -> 飽和 | J8: 3464 | K8: 2201 | L8: =1-K8/J8 -> 0.36460739 | M8: 46.9 | N8: =IF(H8>=20_人力負荷_計算規則!$B$21/100,1,0) -> 1 | O8: =IF(M8>=20_人力負荷_計算規則!$B$24,1,0) -> 0 | P8: =IF(N8=1,IF(O8=1,"高效主力","過勞低效"),IF(O8=1,"量能未滿","需輔導")) -> 過勞低效 | Q8: 2 | R8: 11
A9: 5 | B9: 黃胤綸 | C9: 研發一處 | D9: 研二部 | E9: 主任工程師 | F9: 912 | G9: 963.8 | H9: =F9/G9 -> 0.94625441 | I9: =IF(H9>20_人力負荷_計算規則!$B$22/100,"過載",IF(H9>=20_人力負荷_計算規則!$B$21/100,"飽和",IF(H9>=20_人力負荷_計算規則!$B$23/100,"適中","低度"))) -> 飽和 | J9: 3798 | K9: 1225 | L9: =1-K9/J9 -> 0.67746182 | M9: 55.5 | N9: =IF(H9>=20_人力負荷_計算規則!$B$21/100,1,0) -> 1 | O9: =IF(M9>=20_人力負荷_計算規則!$B$24,1,0) -> 1 | P9: =IF(N9=1,IF(O9=1,"高效主力","過勞低效"),IF(O9=1,"量能未滿","需輔導")) -> 高效主力 | Q9: 9 | R9: 27
A10: 6 | B10: 彭志豪 | C10: 研發一處 | D10: 研二部 | E10: 高級工程師 | F10: 912 | G10: 963.8 | H10: =F10/G10 -> 0.94625441 | I10: =IF(H10>20_人力負荷_計算規則!$B$22/100,"過載",IF(H10>=20_人力負荷_計算規則!$B$21/100,"飽和",IF(H10>=20_人力負荷_計算規則!$B$23/100,"適中","低度"))) -> 飽和 | J10: 4025 | K10: 3620.5 | L10: =1-K10/J10 -> 0.10049689 | M10: 52.1 | N10: =IF(H10>=20_人力負荷_計算規則!$B$21/100,1,0) -> 1 | O10: =IF(M10>=20_人力負荷_計算規則!$B$24,1,0) -> 1 | P10: =IF(N10=1,IF(O10=1,"高效主力","過勞低效"),IF(O10=1,"量能未滿","需輔導")) -> 高效主力 | Q10: 3 | R10: 6
A11: 7 | B11: 魏暉恩 | C11: 研發一處 | D11: 研三部 | E11: 工程師 | F11: 911.5 | G11: 963.8 | H11: =F11/G11 -> 0.94573563 | I11: =IF(H11>20_人力負荷_計算規則!$B$22/100,"過載",IF(H11>=20_人力負荷_計算規則!$B$21/100,"飽和",IF(H11>=20_人力負荷_計算規則!$B$23/100,"適中","低度"))) -> 飽和 | J11: 4084 | K11: 3000.5 | L11: =1-K11/J11 -> 0.26530362 | M11: 53.7 | N11: =IF(H11>=20_人力負荷_計算規則!$B$21/100,1,0) -> 1 | O11: =IF(M11>=20_人力負荷_計算規則!$B$24,1,0) -> 1 | P11: =IF(N11=1,IF(O11=1,"高效主力","過勞低效"),IF(O11=1,"量能未滿","需輔導")) -> 高效主力 | Q11: 3 | R11: 46
A12: 8 | B12: 賴慶樺 | C12: 研發一處 | D12: 研發一處直屬 | E12: 高級工程師 | F12: 908 | G12: 963.8 | H12: =F12/G12 -> 0.94210417 | I12: =IF(H12>20_人力負荷_計算規則!$B$22/100,"過載",IF(H12>=20_人力負荷_計算規則!$B$21/100,"飽和",IF(H12>=20_人力負荷_計算規則!$B$23/100,"適中","低度"))) -> 飽和 | J12: 3720 | K12: 1748 | L12: =1-K12/J12 -> 0.53010753 | M12: 66.7 | N12: =IF(H12>=20_人力負荷_計算規則!$B$21/100,1,0) -> 1 | O12: =IF(M12>=20_人力負荷_計算規則!$B$24,1,0) -> 1 | P12: =IF(N12=1,IF(O12=1,"高效主力","過勞低效"),IF(O12=1,"量能未滿","需輔導")) -> 高效主力 | Q12: 4 | R12: 21
A13: 9 | B13: 蘇哲弘 | C13: 研發一處 | D13: 研三部 | E13: 高級工程師 | F13: 908 | G13: 963.8 | H13: =F13/G13 -> 0.94210417 | I13: =IF(H13>20_人力負荷_計算規則!$B$22/100,"過載",IF(H13>=20_人力負荷_計算規則!$B$21/100,"飽和",IF(H13>=20_人力負荷_計算規則!$B$23/100,"適中","低度"))) -> 飽和 | J13: 4055 | K13: 3831.5 | L13: =1-K13/J13 -> 0.055117139 | M13: 42 | N13: =IF(H13>=20_人力負荷_計算規則!$B$21/100,1,0) -> 1 | O13: =IF(M13>=20_人力負荷_計算規則!$B$24,1,0) -> 0 | P13: =IF(N13=1,IF(O13=1,"高效主力","過勞低效"),IF(O13=1,"量能未滿","需輔導")) -> 過勞低效 | Q13: 3 | R13: 14
A14: 10 | B14: 劉子明 | C14: 研發一處 | D14: 技術中心 | E14: 經理 | F14: 908 | G14: 963.8 | H14: =F14/G14 -> 0.94210417 | I14: =IF(H14>20_人力負荷_計算規則!$B$22/100,"過載",IF(H14>=20_人力負荷_計算規則!$B$21/100,"飽和",IF(H14>=20_人力負荷_計算規則!$B$23/100,"適中","低度"))) -> 飽和 | J14: 1640 | K14: 88 | L14: =1-K14/J14 -> 0.94634146 | M14: 34.9 | N14: =IF(H14>=20_人力負荷_計算規則!$B$21/100,1,0) -> 1 | O14: =IF(M14>=20_人力負荷_計算規則!$B$24,1,0) -> 0 | P14: =IF(N14=1,IF(O14=1,"高效主力","過勞低效"),IF(O14=1,"量能未滿","需輔導")) -> 過勞低效 | Q14: 1 | R14: 0
A15: 11 | B15: 張良琪 | C15: 研發一處 | D15: 研一部 | E15: 副理 | F15: 906 | G15: 963.8 | H15: =F15/G15 -> 0.94002905 | I15: =IF(H15>20_人力負荷_計算規則!$B$22/100,"過載",IF(H15>=20_人力負荷_計算規則!$B$21/100,"飽和",IF(H15>=20_人力負荷_計算規則!$B$23/100,"適中","低度"))) -> 飽和 | J15: 4293.4 | K15: 2716.5 | L15: =1-K15/J15 -> 0.36728467 | M15: 43.1 | N15: =IF(H15>=20_人力負荷_計算規則!$B$21/100,1,0) -> 1 | O15: =IF(M15>=20_人力負荷_計算規則!$B$24,1,0) -> 0 | P15: =IF(N15=1,IF(O15=1,"高效主力","過勞低效"),IF(O15=1,"量能未滿","需輔導")) -> 過勞低效 | Q15: 4 | R15: 14
A16: 12 | B16: 張政崙 | C16: 研發一處 | D16: 技術中心 | E16: 資深工程師 | F16: 904 | G16: 963.8 | H16: =F16/G16 -> 0.93795393 | I16: =IF(H16>20_人力負荷_計算規則!$B$22/100,"過載",IF(H16>=20_人力負荷_計算規則!$B$21/100,"飽和",IF(H16>=20_人力負荷_計算規則!$B$23/100,"適中","低度"))) -> 飽和 | J16: 3439 | K16: 3011 | L16: =1-K16/J16 -> 0.12445478 | M16: 43.7 | N16: =IF(H16>=20_人力負荷_計算規則!$B$21/100,1,0) -> 1 | O16: =IF(M16>=20_人力負荷_計算規則!$B$24,1,0) -> 0 | P16: =IF(N16=1,IF(O16=1,"高效主力","過勞低效"),IF(O16=1,"量能未滿","需輔導")) -> 過勞低效 | Q16: 4 | R16: 4
... A34: 30 | B34: 王瀚霆 | C34: 研發二處 | D34: 產品開發 | E34: 主任工程師 | F34: 557.5 | G34: 963.8 | H34: =F34/G34 -> 0.57843951 | I34: =IF(H34>20_人力負荷_計算規則!$B$22/100,"過載",IF(H34>=20_人力負荷_計算規則!$B$21/100,"飽和",IF(H34>=20_人力負荷_計算規則!$B$23/100,"適中","低度"))) -> 低度 | J34: 4149.5 | K34: 3104 | L34: =1-K34/J34 -> 0.25195807 | M34: 56.1 | N34: =IF(H34>=20_人力負荷_計算規則!$B$21/100,1,0) -> 0 | O34: =IF(M34>=20_人力負荷_計算規則!$B$24,1,0) -> 1 | P34: =IF(N34=1,IF(O34=1,"高效主力","過勞低效"),IF(O34=1,"量能未滿","需輔導")) -> 量能未滿 | Q34: 10 | R34: 10
B35: 合計 / 平均 | F35: =SUM(F5:F34) -> 23947 | H35: =AVERAGE(H5:H34) -> 0.9037471 | J35: =SUM(J5:J34) -> 88601.5 | K35: =SUM(K5:K34) -> 53503.1 | L35: =1-K35/J35 -> 0.39613776
B37: 註 | C37: 「近半年工時」為 PLM002 於 2026-03 ~ 2026-08 之回報工時加總；「淨工時／專案工時」為全期（2024-06-27 ~ 2026-08-12）加總，兩者期間不同，勿互相換算。

Sheet 22_人力負荷_處級彙總
A1: 各處級人力負荷 處級彙總（＝平台⑥表格）
A2: 本表每一格皆由 21 表以 COUNTIFS / SUMIFS 統計，可逐格核對平台畫面。
A4: 處別 | B4: 人數 | C4: 平均負荷 | D4: 過載 >110% | E4: 飽和 85–110% | F4: 適中 60–85% | G4: 低度 <60% | H4: 專案工時率 | I4: 高效主力 | J4: 過勞低效 | K4: 量能未滿 | L4: 需輔導
A5: 研發一處 | B5: =COUNTIF(21_人力負荷_逐人明細!$C$5:$C$34,"研發一處") -> 21 | C5: =AVERAGEIF(21_人力負荷_逐人明細!$C$5:$C$34,"研發一處",21_人力負荷_逐人明細!$H$5:$H$34) -> 0.90489761 | D5: =COUNTIFS(21_人力負荷_逐人明細!$C$5:$C$34,"研發一處",21_人力負荷_逐人明細!$I$5:$I$34,"過載") -> 0 | E5: =COUNTIFS(21_人力負荷_逐人明細!$C$5:$C$34,"研發一處",21_人力負荷_逐人明細!$I$5:$I$34,"飽和") -> 19 | F5: =COUNTIFS(21_人力負荷_逐人明細!$C$5:$C$34,"研發一處",21_人力負荷_逐人明細!$I$5:$I$34,"適中") -> 1 | G5: =COUNTIFS(21_人力負荷_逐人明細!$C$5:$C$34,"研發一處",21_人力負荷_逐人明細!$I$5:$I$34,"低度") -> 1 | H5: =SUMIF(21_人力負荷_逐人明細!$C$5:$C$34,"研發一處",21_人力負荷_逐人明細!$K$5:$K$34)/SUMIF(21_人力負荷_逐人明細!$C$5:$C$34,"研發一處",21_人力負荷_逐人明細!$J$5:$J$34) -> 0.63445432 | I5: =COUNTIFS(21_人力負荷_逐人明細!$C$5:$C$34,"研發一處",21_人力負荷_逐人明細!$P$5:$P$34,"高效主力") -> 8 | J5: =COUNTIFS(21_人力負荷_逐人明細!$C$5:$C$34,"研發一處",21_人力負荷_逐人明細!$P$5:$P$34,"過勞低效") -> 11 | K5: =COUNTIFS(21_人力負荷_逐人明細!$C$5:$C$34,"研發一處",21_人力負荷_逐人明細!$P$5:$P$34,"量能未滿") -> 1 | L5: =COUNTIFS(21_人力負荷_逐人明細!$C$5:$C$34,"研發一處",21_人力負荷_逐人明細!$P$5:$P$34,"需輔導") -> 1
A6: 研發二處 | B6: =COUNTIF(21_人力負荷_逐人明細!$C$5:$C$34,"研發二處") -> 9 | C6: =AVERAGEIF(21_人力負荷_逐人明細!$C$5:$C$34,"研發二處",21_人力負荷_逐人明細!$H$5:$H$34) -> 0.90106258 | D6: =COUNTIFS(21_人力負荷_逐人明細!$C$5:$C$34,"研發二處",21_人力負荷_逐人明細!$I$5:$I$34,"過載") -> 0 | E6: =COUNTIFS(21_人力負荷_逐人明細!$C$5:$C$34,"研發二處",21_人力負荷_逐人明細!$I$5:$I$34,"飽和") -> 7 | F6: =COUNTIFS(21_人力負荷_逐人明細!$C$5:$C$34,"研發二處",21_人力負荷_逐人明細!$I$5:$I$34,"適中") -> 1 | G6: =COUNTIFS(21_人力負荷_逐人明細!$C$5:$C$34,"研發二處",21_人力負荷_逐人明細!$I$5:$I$34,"低度") -> 1 | H6: =SUMIF(21_人力負荷_逐人明細!$C$5:$C$34,"研發二處",21_人力負荷_逐人明細!$K$5:$K$34)/SUMIF(21_人力負荷_逐人明細!$C$5:$C$34,"研發二處",21_人力負荷_逐人明細!$J$5:$J$34) -> 0.5330425 | I6: =COUNTIFS(21_人力負荷_逐人明細!$C$5:$C$34,"研發二處",21_人力負荷_逐人明細!$P$5:$P$34,"高效主力") -> 5 | J6: =COUNTIFS(21_人力負荷_逐人明細!$C$5:$C$34,"研發二處",21_人力負荷_逐人明細!$P$5:$P$34,"過勞低效") -> 2 | K6: =COUNTIFS(21_人力負荷_逐人明細!$C$5:$C$34,"研發二處",21_人力負荷_逐人明細!$P$5:$P$34,"量能未滿") -> 2 | L6: =COUNTIFS(21_人力負荷_逐人明細!$C$5:$C$34,"研發二處",21_人力負荷_逐人明細!$P$5:$P$34,"需輔導") -> 0
A7: 研發處合計 | B7: =COUNTA(21_人力負荷_逐人明細!$B$5:$B$34) -> 30 | C7: =AVERAGE(21_人力負荷_逐人明細!$H$5:$H$34) -> 0.9037471 | D7: =COUNTIFS(21_人力負荷_逐人明細!$I$5:$I$34,"過載") -> 0 | E7: =COUNTIFS(21_人力負荷_逐人明細!$I$5:$I$34,"飽和") -> 26 | F7: =COUNTIFS(21_人力負荷_逐人明細!$I$5:$I$34,"適中") -> 2 | G7: =COUNTIFS(21_人力負荷_逐人明細!$I$5:$I$34,"低度") -> 2 | H7: =SUM(21_人力負荷_逐人明細!$K$5:$K$34)/SUM(21_人力負荷_逐人明細!$J$5:$J$34) -> 0.60386224 | I7: =COUNTIFS(21_人力負荷_逐人明細!$P$5:$P$34,"高效主力") -> 13 | J7: =COUNTIFS(21_人力負荷_逐人明細!$P$5:$P$34,"過勞低效") -> 13 | K7: =COUNTIFS(21_人力負荷_逐人明細!$P$5:$P$34,"量能未滿") -> 3 | L7: =COUNTIFS(21_人力負荷_逐人明細!$P$5:$P$34,"需輔導") -> 1
A9: 交叉驗證
A10: 檢核項目 | B10: 本表計算 | C10: 應等於 | D10: 結果
A11: 人數加總 = 30 | B11: =B5+B6 -> 30 | C11: 30 | D11: =IF(TEXT(B11,"General")=TEXT(C11,"General"),"✓ 通過","✗ 不符") -> ✓ 通過
A12: 四個負荷分帶加總 = 30 | B12: =SUM(D7:G7) -> 30 | C12: 30 | D12: =IF(TEXT(B12,"General")=TEXT(C12,"General"),"✓ 通過","✗ 不符") -> ✓ 通過
A13: 四象限加總 = 30 | B13: =SUM(I7:L7) -> 30 | C13: 30 | D13: =IF(TEXT(B13,"General")=TEXT(C13,"General"),"✓ 通過","✗ 不符") -> ✓ 通過
A14: 平台顯示：研發一處 21 人 / 90% | B14: =B5&" 人 / "&TEXT(C5,"0%") -> 21 人 / 90% | C14: 21 人 / 90% | D14: =IF(TEXT(B14,"General")=TEXT(C14,"General"),"✓ 通過","✗ 不符") -> ✓ 通過
A15: 平台顯示：研發二處 9 人 / 90% | B15: =B6&" 人 / "&TEXT(C6,"0%") -> 9 人 / 90% | C15: 9 人 / 90% | D15: =IF(TEXT(B15,"General")=TEXT(C15,"General"),"✓ 通過","✗ 不符") -> ✓ 通過
A16: 平台顯示：合計 30 人 / 90% | B16: =B7&" 人 / "&TEXT(C7,"0%") -> 30 人 / 90% | C16: 30 人 / 90% | D16: =IF(TEXT(B16,"General")=TEXT(C16,"General"),"✓ 通過","✗ 不符") -> ✓ 通過
A17: 平台顯示：專案工時率 63% / 53% / 60% | B17: =TEXT(H5,"0%")&" / "&TEXT(H6,"0%")&" / "&TEXT(H7,"0%") -> 63% / 53% / 60% | C17: 63% / 53% / 60% | D17: =IF(TEXT(B17,"General")=TEXT(C17,"General"),"✓ 通過","✗ 不符") -> ✓ 通過

Sheet 23_未排入專案人員
A1: 未排入專案人員名單（研發一處 / 研發二處）
A2: 母體＝研發處人員名冊（員工簡易表）36 人，已排除工讀生 1 人。比對專案進度表逐人設計工時，找出名冊在編但未被排進 44 件專案者。
A4: 類型 | B4: 員工工號 | C4: 姓名 | D4: 職位名稱 | E4: 處 | F4: 部門 | G4: 到職日 | H4: 參與案 | I4: 在製案 | J4: 累計工時(hr) | K4: 最後回報月 | L4: 說明
A5: 完全未排入專案 | B5: 1150711 | C5: 洪尚凰 | D5: 高級工程師 | E5: 研發一處 | F5: 技術中心 | G5: 2026-07-15 | H5: 0 | I5: 0 | J5: 168 | K5: 2026-08 | L5: 新進（到職 2026-07-15，年資 30 天）
A6: 完全未排入專案 | B6: 1131002 | C6: 林光宇 | D6: 助理工程師 | E6: 研發二處 | F6: 生技 | G6: 2024-10-01 | H6: 0 | I6: 0 | J6: 1120 | K6: 2025-04 | L6: 最後工時回報 2025-04，已停止回報
A7: 完全未排入專案 | B7: 0870403 | C7: 鄭華瑜 | D7: 資深工程師 | E7: 研發二處 | F7: 生技 | G7: 1998-04-07 | H7: 0 | I7: 0 | J7: 0 | K7: 無回報 | L7: 名冊在編，但 PLM002 無工時回報紀錄
A8: 完全未排入專案 | B8: 1150807 | C8: 胡張善坤 | D8: 副工程師 | E8: 研發二處 | F8: 產品開發 | G8: 2026-08-12 | H8: 0 | I8: 0 | J8: 8 | K8: 2026-08 | L8: 新進（到職 2026-08-12，年資 2 天）
A9: 完全未排入專案 | B9: 1110305 | C9: 楊振民 | D9: 專員 | E9: 研發二處 | F9: 研發二處 | G9: 2022-03-28 | H9: 0 | I9: 0 | J9: 0 | K9: 無回報 | L9: 主管／幕僚職，未直接掛專案
A10: 完全未排入專案 | B10: 0870702 | C10: 王志文 | D10: 處長 | E10: 研發二處 | F10: 研發二處 | G10: 1998-07-16 | H10: 0 | I10: 0 | J10: 0 | K10: 無回報 | L10: 主管／幕僚職，未直接掛專案
A11: 僅參與已結案專案 | B11: 1050301 | C11: 李育儒 | D11: 工程師 | E11: 研發二處 | F11: 自動化 | G11: 2016-03-01 | H11: 3 | I11: 0 | J11: 3839 | K11: 2026-08 | L11: 待指派
A12: 已排入但實際工時 0 | B12: 1070611 | C12: 王淑瑤 | D12: 副工程師 | E12: 研發一處 | F12: 研發一處 | G12: 2018-06-11 | H12: 4 | I12: 4 | J12: 0 | K12: 無回報 | L12: 名冊在編，但 PLM002 無工時回報紀錄
A13: 小計 | C13: =COUNTA(C5:C12)&" 人" -> 8 人
A15: 判定規則
A16: 完全未排入專案 ：名冊在編，但 44 件專案的逐人設計工時中，預計與實際皆為 0（等於從未被排進任何專案）。
A17: 僅參與已結案專案：有參與紀錄，但所參與的案子全部已結案或已取消，目前無在製案可做。
A18: 已排入但實際工時 0：已排進在製案且有預計工時，但實際設計工時為 0 —— 可能是尚未開工，也可能是工時未登錄。
A19: 「說明」欄依到職日、職位名稱與工時回報狀況自動判定：到職 ≤ 60 天→新進；處長／協理／經理／副理／課長／副課長／專員→主管幕僚職；無 PLM002 回報→名冊在編但無回報；其餘→待指派。
A20: 注意：本表母體是「人員名冊」，與 21／22 表的「有工時回報之 30 人」母體不同，兩者人數不會相等。
A22: 名冊統計
A23: 研發一處（不含工讀生） | B23: 22
A24: 研發二處（不含工讀生） | B24: 14
A25: 兩處合計 | B25: 36
A26: 工讀生（已排除） | B26: 1
A27: 名冊中不屬兩處者（研發處直屬等，已排除） | B27: 1

Sheet 30_異常專案_判定規則
A1: ⑤ 異常專案 判定規則
A2: 範圍：只分析進行中的專案 —— 狀態＝Active 且 專案總進度 < 100%，本期 25 件（在製 26 件中扣除 1 件進度已達 100% 者）。已結案／已取消與進度 100% 者不列入；那類問題屬結案作業與資料品質範疇，改由第三層「資料品質問題」呈現。
A4: 優先序 | B4: 異常類型 | C4: 判定條件 | D4: 來源欄位 | E4: 主類別件數 | F4: 命中件數
A5: 1 | B5: 結案延宕 | C5: 狀態=Active 且 進度 ≥99%（但 <100%）且 逾期天數 >0 | D5: PLM014 G / Q / I | E5: 0 | F5: 0
A6: 2 | B6: 逾期 | C6: 狀態=Active 且 進度 <99% 且 逾期天數 >0 | D6: PLM014 G / Q / I | E6: 13 | F6: 13
A7: 3 | B7: 即將異常 | C7: 進度表 S 欄標記「即將異常」，且上兩類皆未命中 | D7: 專案進度表 S 欄 | E7: 6 | F7: 6
A8: 4 | B8: 進度落後 | C8: SPI < 0.6 | D8: PLM014 Q / J / L | E8: 4 | F8: 22
A9: 5 | B9: 工時未登錄 | C9: 預計設計工時 >0 但實際設計工時 =0 | D9: 專案進度表 Y 欄起 | E9: 0 | F9: 4
A10: 6 | B10: 預算超支 | C10: 預算執行率 >150%（實際累計費用 ÷ 核定預算） | D10: 費用檔 V ÷ R | E10: 0 | F10: 4
B11: 合計 | E11: =SUM(E5:E10) -> 23 | F11: =SUM(F5:F10) -> 49
A13: 兩個件數欄的差別
A14: 命中件數：各規則實際觸發的案數。一案可同時命中多類，故合計（49）大於異常案數（23）。
A15: 主類別件數：依上表優先序，每案只取最前面命中的那一類，用來決定卡片主色與籌碼分類，合計等於 23。
A16: 例：M251001R1 同時命中「逾期」「進度落後」「預算超支」三類，主類別歸為優先序較前的「逾期」。
A18: 為什麼不直接用進度表的「異常」欄
A19: 該欄有漏標：K240801R2 進度 100%、已逾預計完成日 441 天，但「專案是否異常」欄為空白。
A20: 因此改由 PLM014 的狀態、進度、日期自動推導，人工標記只作為「即將異常」這一條的補充輸入。
A21: 本期範圍外 19 件（已結案 16、已取消 2、在製但進度 100% 者 1）中，仍有 5 件結案日早於任務完成日、1 件進度 100% 未結案 —— 這些列在第三層資料品質，不在⑤。

Sheet 31_異常專案_逐案判定
A1: ⑤ 異常專案 逐案判定（全 44 件）
A2: 淺黃欄＝原始輸入；K 欄起為公式。列出全部 44 件並以 K 欄標示是否納入範圍，方便核對「為什麼某案沒出現在⑤」。
A4: # | B4: 專案編號 | C4: 名稱 | D4: 處 / 部門 | E4: 負責人 | F4: 狀態 | G4: 進度% | H4: 逾期天數 | I4: SPI | J4: 即將異常 | K4: 預計工時 | L4: 實際工時 | M4: 預算(元) | N4: 實際費用(元) | O4: 納入範圍 | P4: 結案延宕 | Q4: 逾期 | R4: 即將異常 | S4: 進度落後 | T4: 工時未登錄 | U4: 預算超支 | V4: 命中數 | W4: 主類別
A5: 1 | B5: D250101R1 | C5: AI冷卻系統數位通訊溫度偵測器 | D5: 研發一處 / 研二部 | E5: 黃胤綸 | F5: Active | G5: 98 | H5: 472 | I5: 0.16 | J5: 否 | K5: 795 | L5: 1502 | M5: 1940350 | N5: 2549601 | O5: =IF(AND(F5="Active",G5<100),1,0) -> 1 | P5: =IF(AND(O5=1,G5>=99,H5>0),1,0) -> 0 | Q5: =IF(AND(O5=1,G5<99,H5>0),1,0) -> 1 | R5: =IF(AND(O5=1,J5="是",P5=0,Q5=0),1,0) -> 0 | S5: =IF(AND(O5=1,I5<>"",I5<0.6),1,0) -> 1 | T5: =IF(AND(O5=1,K5>0,L5=0),1,0) -> 0 | U5: =IF(O5=1,IF(M5>0,IF(N5/M5>1.5,1,0),0),0) -> 0 | V5: =SUM(P5:U5) -> 2 | W5: =IF(V5=0,"—",IF(P5=1,"結案延宕",IF(Q5=1,"逾期",IF(R5=1,"即將異常",IF(S5=1,"進度落後",IF(T5=1,"工時未登錄","預算超支")))))) -> 逾期
A6: 2 | B6: K240801R2 | C6: PCB濕製程用插入式壓力感測器 | D6: 研發一處 / 研一部 | E6: 張良琪 | F6: Active | G6: 100 | H6: 441 | I6: 0.21 | J6: 否 | K6: 1568 | L6: 3549.7 | M6: 3661400 | N6: 5095861 | O6: =IF(AND(F6="Active",G6<100),1,0) -> 0 | P6: =IF(AND(O6=1,G6>=99,H6>0),1,0) -> 0 | Q6: =IF(AND(O6=1,G6<99,H6>0),1,0) -> 0 | R6: =IF(AND(O6=1,J6="是",P6=0,Q6=0),1,0) -> 0 | S6: =IF(AND(O6=1,I6<>"",I6<0.6),1,0) -> 0 | T6: =IF(AND(O6=1,K6>0,L6=0),1,0) -> 0 | U6: =IF(O6=1,IF(M6>0,IF(N6/M6>1.5,1,0),0),0) -> 0 | V6: =SUM(P6:U6) -> 0 | W6: =IF(V6=0,"—",IF(P6=1,"結案延宕",IF(Q6=1,"逾期",IF(R6=1,"即將異常",IF(S6=1,"進度落後",IF(T6=1,"工時未登錄","預算超支")))))) -> —
A7: 3 | B7: M250201C1 | C7: 工業爆炸環境防爆型音叉感測器 | D7: 研發一處 / 研二部 | E7: 黃胤綸 | F7: Active | G7: 50 | H7: 326 | I7: 0.19 | J7: 否 | K7: 793 | L7: 1278.5 | M7: 2144570 | N7: 2443934 | O7: =IF(AND(F7="Active",G7<100),1,0) -> 1 | P7: =IF(AND(O7=1,G7>=99,H7>0),1,0) -> 0 | Q7: =IF(AND(O7=1,G7<99,H7>0),1,0) -> 1 | R7: =IF(AND(O7=1,J7="是",P7=0,Q7=0),1,0) -> 0 | S7: =IF(AND(O7=1,I7<>"",I7<0.6),1,0) -> 1 | T7: =IF(AND(O7=1,K7>0,L7=0),1,0) -> 0 | U7: =IF(O7=1,IF(M7>0,IF(N7/M7>1.5,1,0),0),0) -> 0 | V7: =SUM(P7:U7) -> 2 | W7: =IF(V7=0,"—",IF(P7=1,"結案延宕",IF(Q7=1,"逾期",IF(R7=1,"即將異常",IF(S7=1,"進度落後",IF(T7=1,"工時未登錄","預算超支")))))) -> 逾期
A8: 4 | B8: D250701R1 | C8: EGX5标准型技转 | D8: 海外／上海 / 研发一部 | E8: 汪佳凯 | F8: Active | G8: 96 | H8: 172 | I8: 0.48 | J8: 否 | K8: 839 | L8: 0 | M8: 0 | N8: 0 | O8: =IF(AND(F8="Active",G8<100),1,0) -> 1 | P8: =IF(AND(O8=1,G8>=99,H8>0),1,0) -> 0 | Q8: =IF(AND(O8=1,G8<99,H8>0),1,0) -> 1 | R8: =IF(AND(O8=1,J8="是",P8=0,Q8=0),1,0) -> 0 | S8: =IF(AND(O8=1,I8<>"",I8<0.6),1,0) -> 1 | T8: =IF(AND(O8=1,K8>0,L8=0),1,0) -> 1 | U8: =IF(O8=1,IF(M8>0,IF(N8/M8>1.5,1,0),0),0) -> 0 | V8: =SUM(P8:U8) -> 3 | W8: =IF(V8=0,"—",IF(P8=1,"結案延宕",IF(Q8=1,"逾期",IF(R8=1,"即將異常",IF(S8=1,"進度落後",IF(T8=1,"工時未登錄","預算超支")))))) -> 逾期
A9: 5 | B9: K201002P2 | C9: (K201002R2)SP數位熱質式開關-DC一 | D9: 研發二處 / 自動化 | E9: 蘇漢城 | F9: Active | G9: 40 | H9: 136 | I9: 0.28 | J9: 否 | K9: 1598 | L9: 227.7 | M9: 1087820 | N9: 866748 | O9: =IF(AND(F9="Active",G9<100),1,0) -> 1 | P9: =IF(AND(O9=1,G9>=99,H9>0),1,0) -> 0 | Q9: =IF(AND(O9=1,G9<99,H9>0),1,0) -> 1 | R9: =IF(AND(O9=1,J9="是",P9=0,Q9=0),1,0) -> 0 | S9: =IF(AND(O9=1,I9<>"",I9<0.6),1,0) -> 1 | T9: =IF(AND(O9=1,K9>0,L9=0),1,0) -> 0 | U9: =IF(O9=1,IF(M9>0,IF(N9/M9>1.5,1,0),0),0) -> 0 | V9: =SUM(P9:U9) -> 2 | W9: =IF(V9=0,"—",IF(P9=1,"結案延宕",IF(Q9=1,"逾期",IF(R9=1,"即將異常",IF(S9=1,"進度落後",IF(T9=1,"工時未登錄","預算超支")))))) -> 逾期
A10: 6 | B10: M240101P1 | C10: 首次生產-液體洩漏偵測器 | D10: 研發二處 / 自動化 | E10: 蘇漢城 | F10: Active | G10: 52 | H10: 135 | I10: 0.4 | J10: 否 | K10: 1488 | L10: 107.5 | M10: 919420 | N10: 489060 | O10: =IF(AND(F10="Active",G10<100),1,0) -> 1 | P10: =IF(AND(O10=1,G10>=99,H10>0),1,0) -> 0 | Q10: =IF(AND(O10=1,G10<99,H10>0),1,0) -> 1 | R10: =IF(AND(O10=1,J10="是",P10=0,Q10=0),1,0) -> 0 | S10: =IF(AND(O10=1,I10<>"",I10<0.6),1,0) -> 1 | T10: =IF(AND(O10=1,K10>0,L10=0),1,0) -> 0 | U10: =IF(O10=1,IF(M10>0,IF(N10/M10>1.5,1,0),0),0) -> 0 | V10: =SUM(P10:U10) -> 2 | W10: =IF(V10=0,"—",IF(P10=1,"結案延宕",IF(Q10=1,"逾期",IF(R10=1,"即將異常",IF(S10=1,"進度落後",IF(T10=1,"工時未登錄","預算超支")))))) -> 逾期
A11: 7 | B11: M251001R1 | C11: SDX緊湊型光電開關設計 | D11: 研發一處 / 研二部 | E11: 彭志豪 | F11: Active | G11: 70 | H11: 120 | I11: 0.35 | J11: 否 | K11: 653 | L11: 2554.5 | M11: 687370 | N11: 4962281 | O11: =IF(AND(F11="Active",G11<100),1,0) -> 1 | P11: =IF(AND(O11=1,G11>=99,H11>0),1,0) -> 0 | Q11: =IF(AND(O11=1,G11<99,H11>0),1,0) -> 1 | R11: =IF(AND(O11=1,J11="是",P11=0,Q11=0),1,0) -> 0 | S11: =IF(AND(O11=1,I11<>"",I11<0.6),1,0) -> 1 | T11: =IF(AND(O11=1,K11>0,L11=0),1,0) -> 0 | U11: =IF(O11=1,IF(M11>0,IF(N11/M11>1.5,1,0),0),0) -> 1 | V11: =SUM(P11:U11) -> 3 | W11: =IF(V11=0,"—",IF(P11=1,"結案延宕",IF(Q11=1,"逾期",IF(R11=1,"即將異常",IF(S11=1,"進度落後",IF(T11=1,"工時未登錄","預算超支")))))) -> 逾期
A12: 8 | B12: D250301R1 | C12: EPD電磁流量計技转 | D12: 海外／上海 / 研发一部 | E12: 汪佳凯 | F12: Active | G12: 64 | H12: 101 | I12: 0.43 | J12: 否 | K12: 779 | L12: 0 | M12: 0 | N12: 0 | O12: =IF(AND(F12="Active",G12<100),1,0) -> 1 | P12: =IF(AND(O12=1,G12>=99,H12>0),1,0) -> 0 | Q12: =IF(AND(O12=1,G12<99,H12>0),1,0) -> 1 | R12: =IF(AND(O12=1,J12="是",P12=0,Q12=0),1,0) -> 0 | S12: =IF(AND(O12=1,I12<>"",I12<0.6),1,0) -> 1 | T12: =IF(AND(O12=1,K12>0,L12=0),1,0) -> 1 | U12: =IF(O12=1,IF(M12>0,IF(N12/M12>1.5,1,0),0),0) -> 0 | V12: =SUM(P12:U12) -> 3 | W12: =IF(V12=0,"—",IF(P12=1,"結案延宕",IF(Q12=1,"逾期",IF(R12=1,"即將異常",IF(S12=1,"進度落後",IF(T12=1,"工時未登錄","預算超支")))))) -> 逾期
A13: 9 | B13: D260103R1 | C13: HART dd先期研究案 | D13: 研發一處 / 技術中心 | E13: 蕭金椿 | F13: Active | G13: 87 | H13: 78 | I13: 0.07 | J13: 否 | K13: 728 | L13: 22 | M13: 939120 | N13: 188337 | O13: =IF(AND(F13="Active",G13<100),1,0) -> 1 | P13: =IF(AND(O13=1,G13>=99,H13>0),1,0) -> 0 | Q13: =IF(AND(O13=1,G13<99,H13>0),1,0) -> 1 | R13: =IF(AND(O13=1,J13="是",P13=0,Q13=0),1,0) -> 0 | S13: =IF(AND(O13=1,I13<>"",I13<0.6),1,0) -> 1 | T13: =IF(AND(O13=1,K13>0,L13=0),1,0) -> 0 | U13: =IF(O13=1,IF(M13>0,IF(N13/M13>1.5,1,0),0),0) -> 0 | V13: =SUM(P13:U13) -> 2 | W13: =IF(V13=0,"—",IF(P13=1,"結案延宕",IF(Q13=1,"逾期",IF(R13=1,"即將異常",IF(S13=1,"進度落後",IF(T13=1,"工時未登錄","預算超支")))))) -> 逾期
A14: 10 | B14: M250301C1 | C14: 一體型電磁流量計北美多重防爆認證 | D14: 研發一處 / 研發一處直屬 | E14: 陳威諭 | F14: Active | G14: 66 | H14: 58 | I14: 0.56 | J14: 否 | K14: 1113 | L14: 1723.5 | M14: 5389370 | N14: 5913818 | O14: =IF(AND(F14="Active",G14<100),1,0) -> 1 | P14: =IF(AND(O14=1,G14>=99,H14>0),1,0) -> 0 | Q14: =IF(AND(O14=1,G14<99,H14>0),1,0) -> 1 | R14: =IF(AND(O14=1,J14="是",P14=0,Q14=0),1,0) -> 0 | S14: =IF(AND(O14=1,I14<>"",I14<0.6),1,0) -> 1 | T14: =IF(AND(O14=1,K14>0,L14=0),1,0) -> 0 | U14: =IF(O14=1,IF(M14>0,IF(N14/M14>1.5,1,0),0),0) -> 0 | V14: =SUM(P14:U14) -> 2 | W14: =IF(V14=0,"—",IF(P14=1,"結案延宕",IF(Q14=1,"逾期",IF(R14=1,"即將異常",IF(S14=1,"進度落後",IF(T14=1,"工時未登錄","預算超支")))))) -> 逾期
A15: 11 | B15: K251001R1 | C15: EPH水量計型式認證技術規範CNPA49第4版結 | D15: 研發一處 / 研一部 | E15: 何昆達 | F15: Active | G15: 41 | H15: 46 | I15: 0.27 | J15: 否 | K15: 1240 | L15: 678.5 | M15: 3199390 | N15: 1255295 | O15: =IF(AND(F15="Active",G15<100),1,0) -> 1 | P15: =IF(AND(O15=1,G15>=99,H15>0),1,0) -> 0 | Q15: =IF(AND(O15=1,G15<99,H15>0),1,0) -> 1 | R15: =IF(AND(O15=1,J15="是",P15=0,Q15=0),1,0) -> 0 | S15: =IF(AND(O15=1,I15<>"",I15<0.6),1,0) -> 1 | T15: =IF(AND(O15=1,K15>0,L15=0),1,0) -> 0 | U15: =IF(O15=1,IF(M15>0,IF(N15/M15>1.5,1,0),0),0) -> 0 | V15: =SUM(P15:U15) -> 2 | W15: =IF(V15=0,"—",IF(P15=1,"結案延宕",IF(Q15=1,"逾期",IF(R15=1,"即將異常",IF(S15=1,"進度落後",IF(T15=1,"工時未登錄","預算超支")))))) -> 逾期
A16: 12 | B16: K231101P1 | C16: 首次生產-AI伺服器用熱質流量計 | D16: 研發二處 / 自動化 | E16: 蘇漢城 | F16: Active | G16: 80 | H16: 15 | I16: 0.75 | J16: 否 | K16: 558 | L16: 1338 | M16: 259420 | N16: 1062354 | O16: =IF(AND(F16="Active",G16<100),1,0) -> 1 | P16: =IF(AND(O16=1,G16>=99,H16>0),1,0) -> 0 | Q16: =IF(AND(O16=1,G16<99,H16>0),1,0) -> 1 | R16: =IF(AND(O16=1,J16="是",P16=0,Q16=0),1,0) -> 0 | S16: =IF(AND(O16=1,I16<>"",I16<0.6),1,0) -> 0 | T16: =IF(AND(O16=1,K16>0,L16=0),1,0) -> 0 | U16: =IF(O16=1,IF(M16>0,IF(N16/M16>1.5,1,0),0),0) -> 1 | V16: =SUM(P16:U16) -> 2 | W16: =IF(V16=0,"—",IF(P16=1,"結案延宕",IF(Q16=1,"逾期",IF(R16=1,"即將異常",IF(S16=1,"進度落後",IF(T16=1,"工時未登錄","預算超支")))))) -> 逾期
... A48: 44 | B48: G260401I1 | C48: SE電源座保護殼+電源板壓合治具 | D48: 研發二處 / 自動化 | E48: 羅友彥 | F48: Closed | G48: 100 | H48: 0 | I48: 1.4 | J48: 否 | K48: 0 | L48: 20.5 | M48: 0 | N48: 51218 | O48: =IF(AND(F48="Active",G48<100),1,0) -> 0 | P48: =IF(AND(O48=1,G48>=99,H48>0),1,0) -> 0 | Q48: =IF(AND(O48=1,G48<99,H48>0),1,0) -> 0 | R48: =IF(AND(O48=1,J48="是",P48=0,Q48=0),1,0) -> 0 | S48: =IF(AND(O48=1,I48<>"",I48<0.6),1,0) -> 0 | T48: =IF(AND(O48=1,K48>0,L48=0),1,0) -> 0 | U48: =IF(O48=1,IF(M48>0,IF(N48/M48>1.5,1,0),0),0) -> 0 | V48: =SUM(P48:U48) -> 0 | W48: =IF(V48=0,"—",IF(P48=1,"結案延宕",IF(Q48=1,"逾期",IF(R48=1,"即將異常",IF(S48=1,"進度落後",IF(T48=1,"工時未登錄","預算超支")))))) -> —
B49: 合計 | O49: =SUM(O5:O48) -> 25 | P49: =SUM(P5:P48) -> 0 | Q49: =SUM(Q5:Q48) -> 13 | R49: =SUM(R5:R48) -> 6 | S49: =SUM(S5:S48) -> 22 | T49: =SUM(T5:T48) -> 4 | U49: =SUM(U5:U48) -> 4 | V49: =SUM(V5:V48) -> 49 | W49: =COUNTIF(W5:W48,"<>—")&" 件異常" -> 23 件異常
A51: 交叉驗證
A52: 檢核項目 | C52: 本表計算 | D52: 應等於 | E52: 結果
A53: 專案總數 | C53: =COUNTA(B5:B48) -> 44 | D53: 44 | E53: =IF(C53=D53,"✓ 通過","✗ 不符") -> ✓ 通過
A54: 納入範圍（Active 且進度 <100%） | C54: =O49 -> 25 | D54: 25 | E54: =IF(C54=D54,"✓ 通過","✗ 不符") -> ✓ 通過
A55: 範圍外（已結案／已取消／進度 100%） | C55: =COUNTA(B5:B48)-O49 -> 19 | D55: 19 | E55: =IF(C55=D55,"✓ 通過","✗ 不符") -> ✓ 通過
A56: 異常件數（主類別 ≠ —） | C56: =COUNTIF(W5:W48,"<>—") -> 23 | D56: 23 | E56: =IF(C56=D56,"✓ 通過","✗ 不符") -> ✓ 通過
A57: 主類別：逾期 | C57: =COUNTIF(W5:W48,"逾期") -> 13 | D57: 13 | E57: =IF(C57=D57,"✓ 通過","✗ 不符") -> ✓ 通過
A58: 主類別：即將異常 | C58: =COUNTIF(W5:W48,"即將異常") -> 6 | D58: 6 | E58: =IF(C58=D58,"✓ 通過","✗ 不符") -> ✓ 通過
A59: 主類別：進度落後 | C59: =COUNTIF(W5:W48,"進度落後") -> 4 | D59: 4 | E59: =IF(C59=D59,"✓ 通過","✗ 不符") -> ✓ 通過
A60: 命中總次數（一案可多類） | C60: =V49 -> 49 | D60: 49 | E60: =IF(C60=D60,"✓ 通過","✗ 不符") -> ✓ 通過

Sheet 40_欄位溯源與FineBI
A1: 欄位溯源與 FineBI 建置對應
A2: 兩張圖用到的每一個輸入欄位，以及在 FineBI 的建置方式。
A4: 圖表 | B4: 欄位 / 指標 | C4: 來源檔案 | D4: 工作表 / 欄 | E4: 清洗或計算 | F4: FineBI 建置
A5: ④ 風險矩陣 | B5: 專案編號 | C5: PLM014.xlsx | D5: 工作表1 B 欄 | E5: TRIM；僅取狀態＝Active 之 26 件 | F5: DWD 專案明細表主鍵
A6: ④ 風險矩陣 | B6: 專案類別 | C6: PLM014.xlsx | D6: 工作表1 A 欄 | E6: 取首字元 K/D/M/E/G | F6: 新增公式列：類別分
A7: ④ 風險矩陣 | B7: 專案狀態 | C7: PLM014.xlsx | D7: 工作表1 G 欄 | E7: 過濾 Active | F7: 儀表板過濾器或資料集條件
A8: ④ 風險矩陣 | B8: 逾期天數 | C8: PLM014.xlsx | D8: 工作表1 I 預計完成日 | E8: 參考日 − I 欄；下限 0 | F8: DATEDIF(I, 參考日,"D")；參考日設為參數
A9: ④ 風險矩陣 | B9: SPI | C9: PLM014.xlsx | D9: 工作表1 Q / J / L | E9: Q ÷ (已耗工作日 ÷ J)；已耗工作日由 L 起算至參考日 | F9: 需工作日曆維度表 join 計數
A10: ④ 風險矩陣 | B10: 即將異常 | C10: 專案進度表.xlsx | D10: 工作表1 S 欄 | E10: 文字含「即將異常」→ 是 | F10: 左合併帶入；新增公式列轉 0/2
A11: ④ 風險矩陣 | B11: 累計費用 | C11: 費用統計.xlsx | D11: 2026年-專案費用統計(範圍) V 欄 | E11: A 欄部門為合併儲存格需向下填滿 | F11: 左合併至專案明細表
A12: ④ 風險矩陣 | B12: 投入人力 | C12: 專案進度表.xlsx | D12: 工作表1 Y 欄起（每人 2 欄） | E12: 預計或實際工時 >0 之人數；需先由寬轉長 | F12: FineBI「行列轉換」後 COUNT_AGG
A13: ⑤ 異常專案 | B13: 狀態 / 進度 | C13: PLM014.xlsx | D13: 工作表1 G / Q 欄 | E13: 範圍＝狀態 Active 且 進度 <100%；其餘不判定 | F13: DWM 專案寬表新增公式列「納入範圍」
A14: ⑤ 異常專案 | B14: 六條判定 | C14: PLM014 / 專案進度表 / 費用檔 | D14: 見 30、31 表 | E14: 每條各建一個 0/1 公式列，再以優先序取主類別 | F14: 六個公式列＋一個主類別列，勿在元件內判斷
A15: ⑥ 人力負荷 | B15: 回報人員 / 部門 | C15: PLM002.xlsx | D15: 工作表1 C / A 欄 | E15: TRIM；以姓名 join（建議日後改工號） | F15: 人員維度表
... A21: ⑥ 未排入名單 | B21: 員工工號／姓名／職位名稱 | C21: 研發處人員資料.xlsx | D21: 工作表1 A~G 欄（第 6 列起） | E21: 部門代號→處別；排除職位名稱含「工讀」者 | F21: 人員維度表主檔，與 PLM002 以姓名 join
A23: 建置提醒
A24: 1. 風險矩陣的 P、I 兩個分數建議建成 DWM 專案寬表的欄位，不要在儀表板元件內用條件格式硬算 —— 否則第二層的處級矩陣會與第一層不一致。
A25: 2. 「投入人力」需先把專案進度表由「每人 2 欄」的寬表轉為長表（專案編號／人員／預計／實際），FineBI 用「行列轉換」處理，這是本次資料整併最花工的一步。
A26: 3. 負荷率的分母是參數不是資料，換月份時只要改參數；把它寫死在公式裡是最常見的維護債。
A27: 4. 21 表的姓名已遮蔽。若 FineBI 要保留姓名欄位，請設欄位權限，僅主管角色可見。
