Workbook

Sheet 專案執行進度表
A1: 專案進度
A2: 專案編號 | B2: 專案名稱 | C2: 部門 | D2: 專案負責人 | E2: 預計起始日 | F2: 預計完成日 | G2: 實際開始日 | H2: 實際完成日 | I2: 設計工時分析 | L2: 專案狀態 | M2: 專案是否異常 | N2: 工況試煉送樣 | O2: 異常說明
I3: 總預計 | J3: 實際 | K3: 實際/總預計
A4: D240902R1 | B4: =VLOOKUP(A4,[1]總表!$A:$L,2,FALSE) -> EPH結構改善與提升生產良率 | C4: =VLOOKUP(A4,[1]總表!$A:$L,3,FALSE) -> 產品開發 | D4: =VLOOKUP(A4,[1]總表!$A:$L,4,FALSE) -> 王瀚霆 | E4: =VLOOKUP(A4,[1]總表!$A:$L,6,FALSE) -> 45557.667 | F4: =VLOOKUP(A4,[1]總表!$A:$L,7,FALSE) -> 45620.667 | G4: =VLOOKUP(A4,[1]總表!$A:$L,8,FALSE) -> 45558 | H4: =VLOOKUP(A4,[1]總表!$A:$L,9,FALSE) | I4: =VLOOKUP(A4,[1]專案進度表!$B:$DJ,20,FALSE) -> 220 | J4: =VLOOKUP(A4,[1]專案進度表!$B:$DT,21,FALSE) -> 1039 | K4: =J4/I4 -> 4.7227273 | L4: =VLOOKUP(A4,[1]總表!$A:$L,5,FALSE) -> Active | M4: =VLOOKUP(A4,[1]總表!$A:$M,13,FALSE) -> 專案延遲 543 天 | N4: =IF(VLOOKUP(A4,[1]PLM014!$B:$R,17,FALSE)=0,"",VLOOKUP(A4,[1]PLM014!$B:$R,17,FALSE))
A5: D250101R1 | B5: =VLOOKUP(A5,[1]總表!$A:$L,2,FALSE) -> AI冷卻系統數位通訊溫度偵測器 | C5: =VLOOKUP(A5,[1]總表!$A:$L,3,FALSE) -> 研二部 | D5: =VLOOKUP(A5,[1]總表!$A:$L,4,FALSE) -> 黃胤綸 | E5: =VLOOKUP(A5,[1]總表!$A:$L,6,FALSE) -> 45669.667 | F5: =VLOOKUP(A5,[1]總表!$A:$L,7,FALSE) -> 45776.667 | G5: =VLOOKUP(A5,[1]總表!$A:$L,8,FALSE) -> 45670 | H5: =VLOOKUP(A5,[1]總表!$A:$L,9,FALSE) | I5: =VLOOKUP(A5,[1]專案進度表!$B:$DJ,20,FALSE) -> 695 | J5: =VLOOKUP(A5,[1]專案進度表!$B:$DT,21,FALSE) -> 1485.5 | K5: =J5/I5 -> 2.1374101 | L5: =VLOOKUP(A5,[1]總表!$A:$L,5,FALSE) -> Active | M5: =VLOOKUP(A5,[1]總表!$A:$M,13,FALSE) -> 專案延遲 387 天 | N5: =IF(VLOOKUP(A5,[1]PLM014!$B:$R,17,FALSE)=0,"",VLOOKUP(A5,[1]PLM014!$B:$R,17,FALSE)) -> 45700
A6: D260102R1 | B6: =VLOOKUP(A6,[1]總表!$A:$L,2,FALSE) -> 2026年程式碼審查1st | C6: =VLOOKUP(A6,[1]總表!$A:$L,3,FALSE) -> 技術中心 | D6: =VLOOKUP(A6,[1]總表!$A:$L,4,FALSE) -> 蕭金椿 | E6: =VLOOKUP(A6,[1]總表!$A:$L,6,FALSE) -> 46040.667 | F6: =VLOOKUP(A6,[1]總表!$A:$L,7,FALSE) -> 46140.667 | G6: =VLOOKUP(A6,[1]總表!$A:$L,8,FALSE) -> 46066 | H6: =VLOOKUP(A6,[1]總表!$A:$L,9,FALSE) | I6: =VLOOKUP(A6,[1]專案進度表!$B:$DJ,20,FALSE) -> 530 | J6: =VLOOKUP(A6,[1]專案進度表!$B:$DT,21,FALSE) -> 555 | K6: =J6/I6 -> 1.0471698 | L6: =VLOOKUP(A6,[1]總表!$A:$L,5,FALSE) -> Active | M6: =VLOOKUP(A6,[1]總表!$A:$M,13,FALSE) -> 專案延遲 23 天 | N6: =IF(VLOOKUP(A6,[1]PLM014!$B:$R,17,FALSE)=0,"",VLOOKUP(A6,[1]PLM014!$B:$R,17,FALSE))
A7: D260103R1 | B7: =VLOOKUP(A7,[1]總表!$A:$L,2,FALSE) -> HART dd先期研究案 | C7: =VLOOKUP(A7,[1]總表!$A:$L,3,FALSE) -> 技術中心 | D7: =VLOOKUP(A7,[1]總表!$A:$L,4,FALSE) -> 蕭金椿 | E7: =VLOOKUP(A7,[1]總表!$A:$L,6,FALSE) -> 46054.667 | F7: =VLOOKUP(A7,[1]總表!$A:$L,7,FALSE) -> 46170.667 | G7: =VLOOKUP(A7,[1]總表!$A:$L,8,FALSE) -> 44980 | H7: =VLOOKUP(A7,[1]總表!$A:$L,9,FALSE) | I7: =VLOOKUP(A7,[1]專案進度表!$B:$DJ,20,FALSE) -> 728 | J7: =VLOOKUP(A7,[1]專案進度表!$B:$DT,21,FALSE) -> 6 | K7: =J7/I7 -> 0.0082417582 | L7: =VLOOKUP(A7,[1]總表!$A:$L,5,FALSE) -> Active | M7: =VLOOKUP(A7,[1]總表!$A:$M,13,FALSE) -> 專案即將異常 | N7: =IF(VLOOKUP(A7,[1]PLM014!$B:$R,17,FALSE)=0,"",VLOOKUP(A7,[1]PLM014!$B:$R,17,FALSE))
A8: D260401R1 | B8: =VLOOKUP(A8,[1]總表!$A:$L,2,FALSE) -> 倉溫物料雙感測器+FineLink優化 | C8: =VLOOKUP(A8,[1]總表!$A:$L,3,FALSE) -> 研發一處 | D8: =VLOOKUP(A8,[1]總表!$A:$L,4,FALSE) -> 賴慶樺 | E8: =VLOOKUP(A8,[1]總表!$A:$L,6,FALSE) -> 46112.667 | F8: =VLOOKUP(A8,[1]總表!$A:$L,7,FALSE) -> 46233.667 | G8: =VLOOKUP(A8,[1]總表!$A:$L,8,FALSE) -> 46137 | H8: =VLOOKUP(A8,[1]總表!$A:$L,9,FALSE) | I8: =VLOOKUP(A8,[1]專案進度表!$B:$DJ,20,FALSE) -> 405 | J8: =VLOOKUP(A8,[1]專案進度表!$B:$DT,21,FALSE) -> 124 | K8: =J8/I8 -> 0.30617284 | L8: =VLOOKUP(A8,[1]總表!$A:$L,5,FALSE) -> Active | M8: =VLOOKUP(A8,[1]總表!$A:$M,13,FALSE) | N8: =IF(VLOOKUP(A8,[1]PLM014!$B:$R,17,FALSE)=0,"",VLOOKUP(A8,[1]PLM014!$B:$R,17,FALSE))
A9: D260402R1 | B9: =VLOOKUP(A9,[1]總表!$A:$L,2,FALSE) -> 音叉式開關優化 | C9: =VLOOKUP(A9,[1]總表!$A:$L,3,FALSE) -> 研發一處 | D9: =VLOOKUP(A9,[1]總表!$A:$L,4,FALSE) -> 賴慶樺 | E9: =VLOOKUP(A9,[1]總表!$A:$L,6,FALSE) -> 46112.667 | F9: =VLOOKUP(A9,[1]總表!$A:$L,7,FALSE) -> 46264.667 | G9: =VLOOKUP(A9,[1]總表!$A:$L,8,FALSE) | H9: =VLOOKUP(A9,[1]總表!$A:$L,9,FALSE) | I9: =VLOOKUP(A9,[1]專案進度表!$B:$DJ,20,FALSE) -> 245 | J9: =VLOOKUP(A9,[1]專案進度表!$B:$DT,21,FALSE) -> 28.5 | K9: =J9/I9 -> 0.11632653 | L9: =VLOOKUP(A9,[1]總表!$A:$L,5,FALSE) -> Active | M9: =VLOOKUP(A9,[1]總表!$A:$M,13,FALSE) | N9: =IF(VLOOKUP(A9,[1]PLM014!$B:$R,17,FALSE)=0,"",VLOOKUP(A9,[1]PLM014!$B:$R,17,FALSE))
A10: D260403R1 | B10: =VLOOKUP(A10,[1]總表!$A:$L,2,FALSE) -> 熱質流量開關優化 | C10: =VLOOKUP(A10,[1]總表!$A:$L,3,FALSE) -> 研一部 | D10: =VLOOKUP(A10,[1]總表!$A:$L,4,FALSE) -> 張良琪 | E10: =VLOOKUP(A10,[1]總表!$A:$L,6,FALSE) -> 46138.667 | F10: =VLOOKUP(A10,[1]總表!$A:$L,7,FALSE) -> 46232.667 | G10: =VLOOKUP(A10,[1]總表!$A:$L,8,FALSE) | H10: =VLOOKUP(A10,[1]總表!$A:$L,9,FALSE) | I10: =VLOOKUP(A10,[1]專案進度表!$B:$DJ,20,FALSE) -> 730 | J10: =VLOOKUP(A10,[1]專案進度表!$B:$DT,21,FALSE) -> 55.5 | K10: =J10/I10 -> 0.076027397 | L10: =VLOOKUP(A10,[1]總表!$A:$L,5,FALSE) -> Active | M10: =VLOOKUP(A10,[1]總表!$A:$M,13,FALSE) | N10: =IF(VLOOKUP(A10,[1]PLM014!$B:$R,17,FALSE)=0,"",VLOOKUP(A10,[1]PLM014!$B:$R,17,FALSE))
A11: D260501R1 | B11: =VLOOKUP(A11,[1]總表!$A:$L,2,FALSE) -> [測試]同任務掛2個以上的負責人 | C11: =VLOOKUP(A11,[1]總表!$A:$L,3,FALSE) -> 研三部 | D11: =VLOOKUP(A11,[1]總表!$A:$L,4,FALSE) -> 陳俊儒 | E11: =VLOOKUP(A11,[1]總表!$A:$L,6,FALSE) -> 46148.667 | F11: =VLOOKUP(A11,[1]總表!$A:$L,7,FALSE) -> 46188.667 | G11: =VLOOKUP(A11,[1]總表!$A:$L,8,FALSE) | H11: =VLOOKUP(A11,[1]總表!$A:$L,9,FALSE) | I11: =VLOOKUP(A11,[1]專案進度表!$B:$DJ,20,FALSE) -> 110 | J11: =VLOOKUP(A11,[1]專案進度表!$B:$DT,21,FALSE) -> 0 | K11: =J11/I11 -> 0 | L11: =VLOOKUP(A11,[1]總表!$A:$L,5,FALSE) -> Active | M11: =VLOOKUP(A11,[1]總表!$A:$M,13,FALSE) | N11: =IF(VLOOKUP(A11,[1]PLM014!$B:$R,17,FALSE)=0,"",VLOOKUP(A11,[1]PLM014!$B:$R,17,FALSE))
A12: K240801R2 | B12: =VLOOKUP(A12,[1]總表!$A:$L,2,FALSE) -> PCB濕製程用插入式壓力感測器 | C12: =VLOOKUP(A12,[1]總表!$A:$L,3,FALSE) -> 研一部 | D12: =VLOOKUP(A12,[1]總表!$A:$L,4,FALSE) -> 張良琪 | E12: =VLOOKUP(A12,[1]總表!$A:$L,6,FALSE) -> 45641.667 | F12: =VLOOKUP(A12,[1]總表!$A:$L,7,FALSE) -> 45807.667 | G12: =VLOOKUP(A12,[1]總表!$A:$L,8,FALSE) -> 45524 | H12: =VLOOKUP(A12,[1]總表!$A:$L,9,FALSE) | I12: =VLOOKUP(A12,[1]專案進度表!$B:$DJ,20,FALSE) -> 846 | J12: =VLOOKUP(A12,[1]專案進度表!$B:$DT,21,FALSE) -> 3311.2 | K12: =J12/I12 -> 3.913948 | L12: =VLOOKUP(A12,[1]總表!$A:$L,5,FALSE) -> Active | M12: =VLOOKUP(A12,[1]總表!$A:$M,13,FALSE) -> 專案延遲 356 天 | N12: =IF(VLOOKUP(A12,[1]PLM014!$B:$R,17,FALSE)=0,"",VLOOKUP(A12,[1]PLM014!$B:$R,17,FALSE)) -> 45709
A13: K250501R2 | B13: =VLOOKUP(A13,[1]總表!$A:$L,2,FALSE) -> C級奧多曼電子水量計 | C13: =VLOOKUP(A13,[1]總表!$A:$L,3,FALSE) -> 產品開發 | D13: =VLOOKUP(A13,[1]總表!$A:$L,4,FALSE) -> 鄭貫中 | E13: =VLOOKUP(A13,[1]總表!$A:$L,6,FALSE) -> 46001.667 | F13: =VLOOKUP(A13,[1]總表!$A:$L,7,FALSE) -> 46303.667 | G13: =VLOOKUP(A13,[1]總表!$A:$L,8,FALSE) -> 46013 | H13: =VLOOKUP(A13,[1]總表!$A:$L,9,FALSE) | I13: =VLOOKUP(A13,[1]專案進度表!$B:$DJ,20,FALSE) -> 461 | J13: =VLOOKUP(A13,[1]專案進度表!$B:$DT,21,FALSE) -> 1765 | K13: =J13/I13 -> 3.8286334 | L13: =VLOOKUP(A13,[1]總表!$A:$L,5,FALSE) -> Active | M13: =VLOOKUP(A13,[1]總表!$A:$M,13,FALSE) | N13: =IF(VLOOKUP(A13,[1]PLM014!$B:$R,17,FALSE)=0,"",VLOOKUP(A13,[1]PLM014!$B:$R,17,FALSE))
A14: K251001R1 | B14: =VLOOKUP(A14,[1]總表!$A:$L,2,FALSE) -> EPH水量計型式認證技術規範CNPA49第4版結構驗證與改善 | C14: =VLOOKUP(A14,[1]總表!$A:$L,3,FALSE) -> 產品開發 | D14: =VLOOKUP(A14,[1]總表!$A:$L,4,FALSE) -> 王瀚霆 | E14: =VLOOKUP(A14,[1]總表!$A:$L,6,FALSE) -> 45985.667 | F14: =VLOOKUP(A14,[1]總表!$A:$L,7,FALSE) -> 46202.667 | G14: =VLOOKUP(A14,[1]總表!$A:$L,8,FALSE) -> 46036 | H14: =VLOOKUP(A14,[1]總表!$A:$L,9,FALSE) | I14: =VLOOKUP(A14,[1]專案進度表!$B:$DJ,20,FALSE) -> 558 | J14: =VLOOKUP(A14,[1]專案進度表!$B:$DT,21,FALSE) -> 85 | K14: =J14/I14 -> 0.15232975 | L14: =VLOOKUP(A14,[1]總表!$A:$L,5,FALSE) -> Active | M14: =VLOOKUP(A14,[1]總表!$A:$M,13,FALSE) -> 專案即將異常 | N14: =IF(VLOOKUP(A14,[1]PLM014!$B:$R,17,FALSE)=0,"",VLOOKUP(A14,[1]PLM014!$B:$R,17,FALSE))
A15: K251101R1 | B15: =VLOOKUP(A15,[1]總表!$A:$L,2,FALSE) -> 精巧型電磁流量計 | C15: =VLOOKUP(A15,[1]總表!$A:$L,3,FALSE) -> 研三部 | D15: =VLOOKUP(A15,[1]總表!$A:$L,4,FALSE) -> 魏暉恩 | E15: =VLOOKUP(A15,[1]總表!$A:$L,6,FALSE) -> 46022.667 | F15: =VLOOKUP(A15,[1]總表!$A:$L,7,FALSE) -> 46257.667 | G15: =VLOOKUP(A15,[1]總表!$A:$L,8,FALSE) -> 45943 | H15: =VLOOKUP(A15,[1]總表!$A:$L,9,FALSE) | I15: =VLOOKUP(A15,[1]專案進度表!$B:$DJ,20,FALSE) -> 1361 | J15: =VLOOKUP(A15,[1]專案進度表!$B:$DT,21,FALSE) -> 1338.5 | K15: =J15/I15 -> 0.98346804 | L15: =VLOOKUP(A15,[1]總表!$A:$L,5,FALSE) -> Active | M15: =VLOOKUP(A15,[1]總表!$A:$M,13,FALSE) | N15: =IF(VLOOKUP(A15,[1]PLM014!$B:$R,17,FALSE)=0,"",VLOOKUP(A15,[1]PLM014!$B:$R,17,FALSE)) -> 46136
... A27: M251201C1 | B27: =VLOOKUP(A27,[1]總表!$A:$L,2,FALSE) -> GPX 申請UL-61010認證 | C27: =VLOOKUP(A27,[1]總表!$A:$L,3,FALSE) -> 研發一處 | D27: =VLOOKUP(A27,[1]總表!$A:$L,4,FALSE) -> 賴慶樺 | E27: =VLOOKUP(A27,[1]總表!$A:$L,6,FALSE) -> 46019.667 | F27: =VLOOKUP(A27,[1]總表!$A:$L,7,FALSE) -> 46111.667 | G27: =VLOOKUP(A27,[1]總表!$A:$L,8,FALSE) -> 46024 | H27: =VLOOKUP(A27,[1]總表!$A:$L,9,FALSE) -> 46112 | I27: =VLOOKUP(A27,[1]專案進度表!$B:$DJ,20,FALSE) -> 306 | J27: =VLOOKUP(A27,[1]專案進度表!$B:$DT,21,FALSE) -> 264 | K27: =J27/I27 -> 0.8627451 | L27: =VLOOKUP(A27,[1]總表!$A:$L,5,FALSE) -> Closed | M27: =VLOOKUP(A27,[1]總表!$A:$M,13,FALSE) | N27: =IF(VLOOKUP(A27,[1]PLM014!$B:$R,17,FALSE)=0,"",VLOOKUP(A27,[1]PLM014!$B:$R,17,FALSE))
A30: 工況試煉
A31: 專案編號 | B31: 專案名稱 | C31: 專案負責人 | D31: 開始工況試煉日期 | E31: 實際結束工況試煉日期 | F31: 狀態 (Active/Closed) | G31: 進度說明 (工況試煉進度 ; 工況試煉期間所遇問題)
A37: 重要交辦事項
A38: Item | B38: 工作項目 | C38: 負責人員 | D38: 實際開始時間 | E38: 實際結束時間 | F38: 狀態 (Active/Closed) | G38: 進度說明
A44: (週) 部門專案設計投入度
A45: 人員 | B45: 職級 | C45: 專案百分比 | D45: 非專案百分比 | E45: 異常說明
A46: 陳俊儒 | B46: =VLOOKUP(A46,[1]研發處人員資料!$B:$G,6,FALSE) -> 處長
A47: 魏暉恩 | B47: =VLOOKUP(A47,[1]研發處人員資料!$B:$G,6,FALSE) -> 工程師 | C47: =VLOOKUP(A47,工時統計細目!$B:$D,2,FALSE) -> 0.6875 | D47: =VLOOKUP(A47,工時統計細目!$B:$D,3,FALSE) -> 0.3125
A48: 蘇哲弘 | B48: =VLOOKUP(A48,[1]研發處人員資料!$B:$G,6,FALSE) -> 高級工程師 | C48: =VLOOKUP(A48,工時統計細目!$B:$D,2,FALSE) -> 0.825 | D48: =VLOOKUP(A48,工時統計細目!$B:$D,3,FALSE) -> 0.175
A49: 許博元 | B49: =VLOOKUP(A49,[1]研發處人員資料!$B:$G,6,FALSE) -> 副工程師 | C49: =VLOOKUP(A49,工時統計細目!$B:$D,2,FALSE) -> 0 | D49: =VLOOKUP(A49,工時統計細目!$B:$D,3,FALSE) -> 1
A51: 部門 投入專案/非專案佔比 | C51: =AVERAGE(C46:C50) -> 0.50416667 | D51: =AVERAGE(D46:D50) -> 0.49583333

Sheet 專案參與成員投入工時
A2: 查詢日期
A3: 開始日期 | B3: 46156
A4: 結束日期 | B4: 46162
A5: (週) 部門專案設計投入工時
A6: 專案編號 | B6: 專案名稱 | C6: 部門 | D6: 專案狀態 | E6: 設計工時 | H6: 陳俊儒 | L6: 魏暉恩 | P6: 蘇哲弘 | T6: 許博元
H7: =VLOOKUP(H6,[1]研發處人員資料!$B:$G,6,FALSE) -> 處長 | L7: =VLOOKUP(L6,[1]研發處人員資料!$B:$G,6,FALSE) -> 工程師 | P7: =VLOOKUP(P6,[1]研發處人員資料!$B:$G,6,FALSE) -> 高級工程師 | T7: =VLOOKUP(T6,[1]研發處人員資料!$B:$G,6,FALSE) -> 副工程師
E8: 預計 | F8: 實際 | G8: 實際/預計 | H8: 預計 | I8: 上次實際 | J8: 本週 增加 | K8: 實際 | L8: 預計 | M8: 上次實際 | N8: 本週 增加 | O8: 實際 | P8: 預計 | Q8: 上次實際 | R8: 本週 增加 | S8: 實際 | T8: 預計 | U8: 上次實際 | V8: 本週 增加 | W8: 實際
A9: D240902R1 | B9: =VLOOKUP(A9,[1]專案進度表!B:DT,2,FALSE) -> EPH結構改善與提升生產良率 | C9: =VLOOKUP(A9,[1]總表!$A:$L,3,FALSE) -> 產品開發 | D9: =VLOOKUP(A9,[1]總表!$A:$L,5,FALSE) -> Active | E9: =SUMIF($H$8:$O$8,E$8,H9:O9) -> 0 | F9: =SUMIF($H$8:$O$8,F$8,H9:O9) -> 0 | G9: =F9/E9 -> #DIV/0! | H9: =SUMIFS('[1]PLM001-財務計算用'!$P:$P,'[1]PLM001-財務計算用'!$N:$N,"<"&$B$4,'[1]PLM001-財務計算用'!$A:$A,$A9,'[1]PLM001-財務計算用'!$J:$J,H$6) -> 0 | I9: =SUMIFS([1]PLM002!$K:$K,[1]PLM002!$J:$J,"<"&$B$3,[1]PLM002!$F:$F,$A9,[1]PLM002!$C:$C,H$6) -> 0 | J9: =SUMIFS([1]PLM002!$K:$K,[1]PLM002!$J:$J,">="&$B$3,[1]PLM002!$J:$J,"<="&$B$4,[1]PLM002!$F:$F,$A9,[1]PLM002!$C:$C,H$6) -> 0 | K9: =I9+J9 -> 0 | L9: =SUMIFS('[1]PLM001-財務計算用'!$P:$P,'[1]PLM001-財務計算用'!$N:$N,"<"&$B$4,'[1]PLM001-財務計算用'!$A:$A,$A9,'[1]PLM001-財務計算用'!$J:$J,L$6) -> 0 | M9: =SUMIFS([1]PLM002!$K:$K,[1]PLM002!$J:$J,"<"&$B$3,[1]PLM002!$F:$F,$A9,[1]PLM002!$C:$C,L$6) -> 0 | N9: =SUMIFS([1]PLM002!$K:$K,[1]PLM002!$J:$J,">="&$B$3,[1]PLM002!$J:$J,"<="&$B$4,[1]PLM002!$F:$F,$A9,[1]PLM002!$C:$C,L$6) -> 0 | O9: =M9+N9 -> 0 | P9: =SUMIFS('[1]PLM001-財務計算用'!$P:$P,'[1]PLM001-財務計算用'!$N:$N,"<"&$B$4,'[1]PLM001-財務計算用'!$A:$A,$A9,'[1]PLM001-財務計算用'!$J:$J,P$6) -> 0 | Q9: =SUMIFS([1]PLM002!$K:$K,[1]PLM002!$J:$J,"<"&$B$3,[1]PLM002!$F:$F,$A9,[1]PLM002!$C:$C,P$6) -> 0 | R9: =SUMIFS([1]PLM002!$K:$K,[1]PLM002!$J:$J,">="&$B$3,[1]PLM002!$J:$J,"<="&$B$4,[1]PLM002!$F:$F,$A9,[1]PLM002!$C:$C,P$6) -> 0 | S9: =Q9+R9 -> 0 | T9: =SUMIFS('[1]PLM001-財務計算用'!$P:$P,'[1]PLM001-財務計算用'!$N:$N,"<"&$B$4,'[1]PLM001-財務計算用'!$A:$A,$A9,'[1]PLM001-財務計算用'!$J:$J,T$6) -> 0 | U9: =SUMIFS([1]PLM002!$K:$K,[1]PLM002!$J:$J,"<"&$B$3,[1]PLM002!$F:$F,$A9,[1]PLM002!$C:$C,T$6) -> 0 | V9: =SUMIFS([1]PLM002!$K:$K,[1]PLM002!$J:$J,">="&$B$3,[1]PLM002!$J:$J,"<="&$B$4,[1]PLM002!$F:$F,$A9,[1]PLM002!$C:$C,T$6) -> 0 | W9: =U9+V9 -> 0
A10: D250101R1 | B10: =VLOOKUP(A10,[1]專案進度表!B:DT,2,FALSE) -> AI冷卻系統數位通訊溫度偵測器 | C10: =VLOOKUP(A10,[1]總表!$A:$L,3,FALSE) -> 研二部 | D10: =VLOOKUP(A10,[1]總表!$A:$L,5,FALSE) -> Active | E10: =SUMIF($H$8:$O$8,E$8,H10:O10) -> 0 | F10: =SUMIF($H$8:$O$8,F$8,H10:O10) -> 0 | G10: =F10/E10 -> #DIV/0! | H10: =SUMIFS('[1]PLM001-財務計算用'!$P:$P,'[1]PLM001-財務計算用'!$N:$N,"<"&$B$4,'[1]PLM001-財務計算用'!$A:$A,$A10,'[1]PLM001-財務計算用'!$J:$J,H$6) -> 0 | I10: =SUMIFS([1]PLM002!$K:$K,[1]PLM002!$J:$J,"<"&$B$3,[1]PLM002!$F:$F,$A10,[1]PLM002!$C:$C,H$6) -> 0 | J10: =SUMIFS([1]PLM002!$K:$K,[1]PLM002!$J:$J,">="&$B$3,[1]PLM002!$J:$J,"<="&$B$4,[1]PLM002!$F:$F,$A10,[1]PLM002!$C:$C,H$6) -> 0 | K10: =I10+J10 -> 0 | L10: =SUMIFS('[1]PLM001-財務計算用'!$P:$P,'[1]PLM001-財務計算用'!$N:$N,"<"&$B$4,'[1]PLM001-財務計算用'!$A:$A,$A10,'[1]PLM001-財務計算用'!$J:$J,L$6) -> 0 | M10: =SUMIFS([1]PLM002!$K:$K,[1]PLM002!$J:$J,"<"&$B$3,[1]PLM002!$F:$F,$A10,[1]PLM002!$C:$C,L$6) -> 0 | N10: =SUMIFS([1]PLM002!$K:$K,[1]PLM002!$J:$J,">="&$B$3,[1]PLM002!$J:$J,"<="&$B$4,[1]PLM002!$F:$F,$A10,[1]PLM002!$C:$C,L$6) -> 0 | O10: =M10+N10 -> 0 | P10: =SUMIFS('[1]PLM001-財務計算用'!$P:$P,'[1]PLM001-財務計算用'!$N:$N,"<"&$B$4,'[1]PLM001-財務計算用'!$A:$A,$A10,'[1]PLM001-財務計算用'!$J:$J,P$6) -> 0 | Q10: =SUMIFS([1]PLM002!$K:$K,[1]PLM002!$J:$J,"<"&$B$3,[1]PLM002!$F:$F,$A10,[1]PLM002!$C:$C,P$6) -> 0 | R10: =SUMIFS([1]PLM002!$K:$K,[1]PLM002!$J:$J,">="&$B$3,[1]PLM002!$J:$J,"<="&$B$4,[1]PLM002!$F:$F,$A10,[1]PLM002!$C:$C,P$6) -> 0 | S10: =Q10+R10 -> 0 | T10: =SUMIFS('[1]PLM001-財務計算用'!$P:$P,'[1]PLM001-財務計算用'!$N:$N,"<"&$B$4,'[1]PLM001-財務計算用'!$A:$A,$A10,'[1]PLM001-財務計算用'!$J:$J,T$6) -> 0 | U10: =SUMIFS([1]PLM002!$K:$K,[1]PLM002!$J:$J,"<"&$B$3,[1]PLM002!$F:$F,$A10,[1]PLM002!$C:$C,T$6) -> 0 | V10: =SUMIFS([1]PLM002!$K:$K,[1]PLM002!$J:$J,">="&$B$3,[1]PLM002!$J:$J,"<="&$B$4,[1]PLM002!$F:$F,$A10,[1]PLM002!$C:$C,T$6) -> 0 | W10: =U10+V10 -> 0
A11: D260102R1 | B11: =VLOOKUP(A11,[1]專案進度表!B:DT,2,FALSE) -> 2026年程式碼審查1st | C11: =VLOOKUP(A11,[1]總表!$A:$L,3,FALSE) -> 技術中心 | D11: =VLOOKUP(A11,[1]總表!$A:$L,5,FALSE) -> Active | E11: =SUMIF($H$8:$O$8,E$8,H11:O11) -> 0 | F11: =SUMIF($H$8:$O$8,F$8,H11:O11) -> 0 | G11: =F11/E11 -> #DIV/0! | H11: =SUMIFS('[1]PLM001-財務計算用'!$P:$P,'[1]PLM001-財務計算用'!$N:$N,"<"&$B$4,'[1]PLM001-財務計算用'!$A:$A,$A11,'[1]PLM001-財務計算用'!$J:$J,H$6) -> 0 | I11: =SUMIFS([1]PLM002!$K:$K,[1]PLM002!$J:$J,"<"&$B$3,[1]PLM002!$F:$F,$A11,[1]PLM002!$C:$C,H$6) -> 0 | J11: =SUMIFS([1]PLM002!$K:$K,[1]PLM002!$J:$J,">="&$B$3,[1]PLM002!$J:$J,"<="&$B$4,[1]PLM002!$F:$F,$A11,[1]PLM002!$C:$C,H$6) -> 0 | K11: =I11+J11 -> 0 | L11: =SUMIFS('[1]PLM001-財務計算用'!$P:$P,'[1]PLM001-財務計算用'!$N:$N,"<"&$B$4,'[1]PLM001-財務計算用'!$A:$A,$A11,'[1]PLM001-財務計算用'!$J:$J,L$6) -> 0 | M11: =SUMIFS([1]PLM002!$K:$K,[1]PLM002!$J:$J,"<"&$B$3,[1]PLM002!$F:$F,$A11,[1]PLM002!$C:$C,L$6) -> 0 | N11: =SUMIFS([1]PLM002!$K:$K,[1]PLM002!$J:$J,">="&$B$3,[1]PLM002!$J:$J,"<="&$B$4,[1]PLM002!$F:$F,$A11,[1]PLM002!$C:$C,L$6) -> 0 | O11: =M11+N11 -> 0 | P11: =SUMIFS('[1]PLM001-財務計算用'!$P:$P,'[1]PLM001-財務計算用'!$N:$N,"<"&$B$4,'[1]PLM001-財務計算用'!$A:$A,$A11,'[1]PLM001-財務計算用'!$J:$J,P$6) -> 0 | Q11: =SUMIFS([1]PLM002!$K:$K,[1]PLM002!$J:$J,"<"&$B$3,[1]PLM002!$F:$F,$A11,[1]PLM002!$C:$C,P$6) -> 0 | R11: =SUMIFS([1]PLM002!$K:$K,[1]PLM002!$J:$J,">="&$B$3,[1]PLM002!$J:$J,"<="&$B$4,[1]PLM002!$F:$F,$A11,[1]PLM002!$C:$C,P$6) -> 0 | S11: =Q11+R11 -> 0 | T11: =SUMIFS('[1]PLM001-財務計算用'!$P:$P,'[1]PLM001-財務計算用'!$N:$N,"<"&$B$4,'[1]PLM001-財務計算用'!$A:$A,$A11,'[1]PLM001-財務計算用'!$J:$J,T$6) -> 0 | U11: =SUMIFS([1]PLM002!$K:$K,[1]PLM002!$J:$J,"<"&$B$3,[1]PLM002!$F:$F,$A11,[1]PLM002!$C:$C,T$6) -> 0 | V11: =SUMIFS([1]PLM002!$K:$K,[1]PLM002!$J:$J,">="&$B$3,[1]PLM002!$J:$J,"<="&$B$4,[1]PLM002!$F:$F,$A11,[1]PLM002!$C:$C,T$6) -> 0 | W11: =U11+V11 -> 0
A12: D260103R1 | B12: =VLOOKUP(A12,[1]專案進度表!B:DT,2,FALSE) -> HART dd先期研究案 | C12: =VLOOKUP(A12,[1]總表!$A:$L,3,FALSE) -> 技術中心 | D12: =VLOOKUP(A12,[1]總表!$A:$L,5,FALSE) -> Active | E12: =SUMIF($H$8:$O$8,E$8,H12:O12) -> 0 | F12: =SUMIF($H$8:$O$8,F$8,H12:O12) -> 0 | G12: =F12/E12 -> #DIV/0! | H12: =SUMIFS('[1]PLM001-財務計算用'!$P:$P,'[1]PLM001-財務計算用'!$N:$N,"<"&$B$4,'[1]PLM001-財務計算用'!$A:$A,$A12,'[1]PLM001-財務計算用'!$J:$J,H$6) -> 0 | I12: =SUMIFS([1]PLM002!$K:$K,[1]PLM002!$J:$J,"<"&$B$3,[1]PLM002!$F:$F,$A12,[1]PLM002!$C:$C,H$6) -> 0 | J12: =SUMIFS([1]PLM002!$K:$K,[1]PLM002!$J:$J,">="&$B$3,[1]PLM002!$J:$J,"<="&$B$4,[1]PLM002!$F:$F,$A12,[1]PLM002!$C:$C,H$6) -> 0 | K12: =I12+J12 -> 0 | L12: =SUMIFS('[1]PLM001-財務計算用'!$P:$P,'[1]PLM001-財務計算用'!$N:$N,"<"&$B$4,'[1]PLM001-財務計算用'!$A:$A,$A12,'[1]PLM001-財務計算用'!$J:$J,L$6) -> 0 | M12: =SUMIFS([1]PLM002!$K:$K,[1]PLM002!$J:$J,"<"&$B$3,[1]PLM002!$F:$F,$A12,[1]PLM002!$C:$C,L$6) -> 0 | N12: =SUMIFS([1]PLM002!$K:$K,[1]PLM002!$J:$J,">="&$B$3,[1]PLM002!$J:$J,"<="&$B$4,[1]PLM002!$F:$F,$A12,[1]PLM002!$C:$C,L$6) -> 0 | O12: =M12+N12 -> 0 | P12: =SUMIFS('[1]PLM001-財務計算用'!$P:$P,'[1]PLM001-財務計算用'!$N:$N,"<"&$B$4,'[1]PLM001-財務計算用'!$A:$A,$A12,'[1]PLM001-財務計算用'!$J:$J,P$6) -> 0 | Q12: =SUMIFS([1]PLM002!$K:$K,[1]PLM002!$J:$J,"<"&$B$3,[1]PLM002!$F:$F,$A12,[1]PLM002!$C:$C,P$6) -> 0 | R12: =SUMIFS([1]PLM002!$K:$K,[1]PLM002!$J:$J,">="&$B$3,[1]PLM002!$J:$J,"<="&$B$4,[1]PLM002!$F:$F,$A12,[1]PLM002!$C:$C,P$6) -> 0 | S12: =Q12+R12 -> 0 | T12: =SUMIFS('[1]PLM001-財務計算用'!$P:$P,'[1]PLM001-財務計算用'!$N:$N,"<"&$B$4,'[1]PLM001-財務計算用'!$A:$A,$A12,'[1]PLM001-財務計算用'!$J:$J,T$6) -> 0 | U12: =SUMIFS([1]PLM002!$K:$K,[1]PLM002!$J:$J,"<"&$B$3,[1]PLM002!$F:$F,$A12,[1]PLM002!$C:$C,T$6) -> 0 | V12: =SUMIFS([1]PLM002!$K:$K,[1]PLM002!$J:$J,">="&$B$3,[1]PLM002!$J:$J,"<="&$B$4,[1]PLM002!$F:$F,$A12,[1]PLM002!$C:$C,T$6) -> 0 | W12: =U12+V12 -> 0
A13: D260401R1 | B13: =VLOOKUP(A13,[1]專案進度表!B:DT,2,FALSE) -> 倉溫物料雙感測器+FineLink優化 | C13: =VLOOKUP(A13,[1]總表!$A:$L,3,FALSE) -> 研發一處 | D13: =VLOOKUP(A13,[1]總表!$A:$L,5,FALSE) -> Active | E13: =SUMIF($H$8:$O$8,E$8,H13:O13) -> 0 | F13: =SUMIF($H$8:$O$8,F$8,H13:O13) -> 0 | G13: =F13/E13 -> #DIV/0! | H13: =SUMIFS('[1]PLM001-財務計算用'!$P:$P,'[1]PLM001-財務計算用'!$N:$N,"<"&$B$4,'[1]PLM001-財務計算用'!$A:$A,$A13,'[1]PLM001-財務計算用'!$J:$J,H$6) -> 0 | I13: =SUMIFS([1]PLM002!$K:$K,[1]PLM002!$J:$J,"<"&$B$3,[1]PLM002!$F:$F,$A13,[1]PLM002!$C:$C,H$6) -> 0 | J13: =SUMIFS([1]PLM002!$K:$K,[1]PLM002!$J:$J,">="&$B$3,[1]PLM002!$J:$J,"<="&$B$4,[1]PLM002!$F:$F,$A13,[1]PLM002!$C:$C,H$6) -> 0 | K13: =I13+J13 -> 0 | L13: =SUMIFS('[1]PLM001-財務計算用'!$P:$P,'[1]PLM001-財務計算用'!$N:$N,"<"&$B$4,'[1]PLM001-財務計算用'!$A:$A,$A13,'[1]PLM001-財務計算用'!$J:$J,L$6) -> 0 | M13: =SUMIFS([1]PLM002!$K:$K,[1]PLM002!$J:$J,"<"&$B$3,[1]PLM002!$F:$F,$A13,[1]PLM002!$C:$C,L$6) -> 0 | N13: =SUMIFS([1]PLM002!$K:$K,[1]PLM002!$J:$J,">="&$B$3,[1]PLM002!$J:$J,"<="&$B$4,[1]PLM002!$F:$F,$A13,[1]PLM002!$C:$C,L$6) -> 0 | O13: =M13+N13 -> 0 | P13: =SUMIFS('[1]PLM001-財務計算用'!$P:$P,'[1]PLM001-財務計算用'!$N:$N,"<"&$B$4,'[1]PLM001-財務計算用'!$A:$A,$A13,'[1]PLM001-財務計算用'!$J:$J,P$6) -> 0 | Q13: =SUMIFS([1]PLM002!$K:$K,[1]PLM002!$J:$J,"<"&$B$3,[1]PLM002!$F:$F,$A13,[1]PLM002!$C:$C,P$6) -> 0 | R13: =SUMIFS([1]PLM002!$K:$K,[1]PLM002!$J:$J,">="&$B$3,[1]PLM002!$J:$J,"<="&$B$4,[1]PLM002!$F:$F,$A13,[1]PLM002!$C:$C,P$6) -> 0 | S13: =Q13+R13 -> 0 | T13: =SUMIFS('[1]PLM001-財務計算用'!$P:$P,'[1]PLM001-財務計算用'!$N:$N,"<"&$B$4,'[1]PLM001-財務計算用'!$A:$A,$A13,'[1]PLM001-財務計算用'!$J:$J,T$6) -> 0 | U13: =SUMIFS([1]PLM002!$K:$K,[1]PLM002!$J:$J,"<"&$B$3,[1]PLM002!$F:$F,$A13,[1]PLM002!$C:$C,T$6) -> 0 | V13: =SUMIFS([1]PLM002!$K:$K,[1]PLM002!$J:$J,">="&$B$3,[1]PLM002!$J:$J,"<="&$B$4,[1]PLM002!$F:$F,$A13,[1]PLM002!$C:$C,T$6) -> 0 | W13: =U13+V13 -> 0
A14: D260402R1 | B14: =VLOOKUP(A14,[1]專案進度表!B:DT,2,FALSE) -> 音叉式開關優化 | C14: =VLOOKUP(A14,[1]總表!$A:$L,3,FALSE) -> 研發一處 | D14: =VLOOKUP(A14,[1]總表!$A:$L,5,FALSE) -> Active | E14: =SUMIF($H$8:$O$8,E$8,H14:O14) -> 0 | F14: =SUMIF($H$8:$O$8,F$8,H14:O14) -> 0 | G14: =F14/E14 -> #DIV/0! | H14: =SUMIFS('[1]PLM001-財務計算用'!$P:$P,'[1]PLM001-財務計算用'!$N:$N,"<"&$B$4,'[1]PLM001-財務計算用'!$A:$A,$A14,'[1]PLM001-財務計算用'!$J:$J,H$6) -> 0 | I14: =SUMIFS([1]PLM002!$K:$K,[1]PLM002!$J:$J,"<"&$B$3,[1]PLM002!$F:$F,$A14,[1]PLM002!$C:$C,H$6) -> 0 | J14: =SUMIFS([1]PLM002!$K:$K,[1]PLM002!$J:$J,">="&$B$3,[1]PLM002!$J:$J,"<="&$B$4,[1]PLM002!$F:$F,$A14,[1]PLM002!$C:$C,H$6) -> 0 | K14: =I14+J14 -> 0 | L14: =SUMIFS('[1]PLM001-財務計算用'!$P:$P,'[1]PLM001-財務計算用'!$N:$N,"<"&$B$4,'[1]PLM001-財務計算用'!$A:$A,$A14,'[1]PLM001-財務計算用'!$J:$J,L$6) -> 0 | M14: =SUMIFS([1]PLM002!$K:$K,[1]PLM002!$J:$J,"<"&$B$3,[1]PLM002!$F:$F,$A14,[1]PLM002!$C:$C,L$6) -> 0 | N14: =SUMIFS([1]PLM002!$K:$K,[1]PLM002!$J:$J,">="&$B$3,[1]PLM002!$J:$J,"<="&$B$4,[1]PLM002!$F:$F,$A14,[1]PLM002!$C:$C,L$6) -> 0 | O14: =M14+N14 -> 0 | P14: =SUMIFS('[1]PLM001-財務計算用'!$P:$P,'[1]PLM001-財務計算用'!$N:$N,"<"&$B$4,'[1]PLM001-財務計算用'!$A:$A,$A14,'[1]PLM001-財務計算用'!$J:$J,P$6) -> 0 | Q14: =SUMIFS([1]PLM002!$K:$K,[1]PLM002!$J:$J,"<"&$B$3,[1]PLM002!$F:$F,$A14,[1]PLM002!$C:$C,P$6) -> 0 | R14: =SUMIFS([1]PLM002!$K:$K,[1]PLM002!$J:$J,">="&$B$3,[1]PLM002!$J:$J,"<="&$B$4,[1]PLM002!$F:$F,$A14,[1]PLM002!$C:$C,P$6) -> 0 | S14: =Q14+R14 -> 0 | T14: =SUMIFS('[1]PLM001-財務計算用'!$P:$P,'[1]PLM001-財務計算用'!$N:$N,"<"&$B$4,'[1]PLM001-財務計算用'!$A:$A,$A14,'[1]PLM001-財務計算用'!$J:$J,T$6) -> 0 | U14: =SUMIFS([1]PLM002!$K:$K,[1]PLM002!$J:$J,"<"&$B$3,[1]PLM002!$F:$F,$A14,[1]PLM002!$C:$C,T$6) -> 0 | V14: =SUMIFS([1]PLM002!$K:$K,[1]PLM002!$J:$J,">="&$B$3,[1]PLM002!$J:$J,"<="&$B$4,[1]PLM002!$F:$F,$A14,[1]PLM002!$C:$C,T$6) -> 0 | W14: =U14+V14 -> 0
A15: D260403R1 | B15: =VLOOKUP(A15,[1]專案進度表!B:DT,2,FALSE) -> 熱質流量開關優化 | C15: =VLOOKUP(A15,[1]總表!$A:$L,3,FALSE) -> 研一部 | D15: =VLOOKUP(A15,[1]總表!$A:$L,5,FALSE) -> Active | E15: =SUMIF($H$8:$O$8,E$8,H15:O15) -> 0 | F15: =SUMIF($H$8:$O$8,F$8,H15:O15) -> 0 | G15: =F15/E15 -> #DIV/0! | H15: =SUMIFS('[1]PLM001-財務計算用'!$P:$P,'[1]PLM001-財務計算用'!$N:$N,"<"&$B$4,'[1]PLM001-財務計算用'!$A:$A,$A15,'[1]PLM001-財務計算用'!$J:$J,H$6) -> 0 | I15: =SUMIFS([1]PLM002!$K:$K,[1]PLM002!$J:$J,"<"&$B$3,[1]PLM002!$F:$F,$A15,[1]PLM002!$C:$C,H$6) -> 0 | J15: =SUMIFS([1]PLM002!$K:$K,[1]PLM002!$J:$J,">="&$B$3,[1]PLM002!$J:$J,"<="&$B$4,[1]PLM002!$F:$F,$A15,[1]PLM002!$C:$C,H$6) -> 0 | K15: =I15+J15 -> 0 | L15: =SUMIFS('[1]PLM001-財務計算用'!$P:$P,'[1]PLM001-財務計算用'!$N:$N,"<"&$B$4,'[1]PLM001-財務計算用'!$A:$A,$A15,'[1]PLM001-財務計算用'!$J:$J,L$6) -> 0 | M15: =SUMIFS([1]PLM002!$K:$K,[1]PLM002!$J:$J,"<"&$B$3,[1]PLM002!$F:$F,$A15,[1]PLM002!$C:$C,L$6) -> 0 | N15: =SUMIFS([1]PLM002!$K:$K,[1]PLM002!$J:$J,">="&$B$3,[1]PLM002!$J:$J,"<="&$B$4,[1]PLM002!$F:$F,$A15,[1]PLM002!$C:$C,L$6) -> 0 | O15: =M15+N15 -> 0 | P15: =SUMIFS('[1]PLM001-財務計算用'!$P:$P,'[1]PLM001-財務計算用'!$N:$N,"<"&$B$4,'[1]PLM001-財務計算用'!$A:$A,$A15,'[1]PLM001-財務計算用'!$J:$J,P$6) -> 0 | Q15: =SUMIFS([1]PLM002!$K:$K,[1]PLM002!$J:$J,"<"&$B$3,[1]PLM002!$F:$F,$A15,[1]PLM002!$C:$C,P$6) -> 0 | R15: =SUMIFS([1]PLM002!$K:$K,[1]PLM002!$J:$J,">="&$B$3,[1]PLM002!$J:$J,"<="&$B$4,[1]PLM002!$F:$F,$A15,[1]PLM002!$C:$C,P$6) -> 0 | S15: =Q15+R15 -> 0 | T15: =SUMIFS('[1]PLM001-財務計算用'!$P:$P,'[1]PLM001-財務計算用'!$N:$N,"<"&$B$4,'[1]PLM001-財務計算用'!$A:$A,$A15,'[1]PLM001-財務計算用'!$J:$J,T$6) -> 0 | U15: =SUMIFS([1]PLM002!$K:$K,[1]PLM002!$J:$J,"<"&$B$3,[1]PLM002!$F:$F,$A15,[1]PLM002!$C:$C,T$6) -> 0 | V15: =SUMIFS([1]PLM002!$K:$K,[1]PLM002!$J:$J,">="&$B$3,[1]PLM002!$J:$J,"<="&$B$4,[1]PLM002!$F:$F,$A15,[1]PLM002!$C:$C,T$6) -> 0 | W15: =U15+V15 -> 0
A16: D260501R1 | B16: =VLOOKUP(A16,[1]專案進度表!B:DT,2,FALSE) -> [測試]同任務掛2個以上的負責人 | C16: =VLOOKUP(A16,[1]總表!$A:$L,3,FALSE) -> 研三部 | D16: =VLOOKUP(A16,[1]總表!$A:$L,5,FALSE) -> Active | E16: =SUMIF($H$8:$O$8,E$8,H16:O16) -> 0 | F16: =SUMIF($H$8:$O$8,F$8,H16:O16) -> 0 | G16: =F16/E16 -> #DIV/0! | H16: =SUMIFS('[1]PLM001-財務計算用'!$P:$P,'[1]PLM001-財務計算用'!$N:$N,"<"&$B$4,'[1]PLM001-財務計算用'!$A:$A,$A16,'[1]PLM001-財務計算用'!$J:$J,H$6) -> 0 | I16: =SUMIFS([1]PLM002!$K:$K,[1]PLM002!$J:$J,"<"&$B$3,[1]PLM002!$F:$F,$A16,[1]PLM002!$C:$C,H$6) -> 0 | J16: =SUMIFS([1]PLM002!$K:$K,[1]PLM002!$J:$J,">="&$B$3,[1]PLM002!$J:$J,"<="&$B$4,[1]PLM002!$F:$F,$A16,[1]PLM002!$C:$C,H$6) -> 0 | K16: =I16+J16 -> 0 | L16: =SUMIFS('[1]PLM001-財務計算用'!$P:$P,'[1]PLM001-財務計算用'!$N:$N,"<"&$B$4,'[1]PLM001-財務計算用'!$A:$A,$A16,'[1]PLM001-財務計算用'!$J:$J,L$6) -> 0 | M16: =SUMIFS([1]PLM002!$K:$K,[1]PLM002!$J:$J,"<"&$B$3,[1]PLM002!$F:$F,$A16,[1]PLM002!$C:$C,L$6) -> 0 | N16: =SUMIFS([1]PLM002!$K:$K,[1]PLM002!$J:$J,">="&$B$3,[1]PLM002!$J:$J,"<="&$B$4,[1]PLM002!$F:$F,$A16,[1]PLM002!$C:$C,L$6) -> 0 | O16: =M16+N16 -> 0 | P16: =SUMIFS('[1]PLM001-財務計算用'!$P:$P,'[1]PLM001-財務計算用'!$N:$N,"<"&$B$4,'[1]PLM001-財務計算用'!$A:$A,$A16,'[1]PLM001-財務計算用'!$J:$J,P$6) -> 0 | Q16: =SUMIFS([1]PLM002!$K:$K,[1]PLM002!$J:$J,"<"&$B$3,[1]PLM002!$F:$F,$A16,[1]PLM002!$C:$C,P$6) -> 0 | R16: =SUMIFS([1]PLM002!$K:$K,[1]PLM002!$J:$J,">="&$B$3,[1]PLM002!$J:$J,"<="&$B$4,[1]PLM002!$F:$F,$A16,[1]PLM002!$C:$C,P$6) -> 0 | S16: =Q16+R16 -> 0 | T16: =SUMIFS('[1]PLM001-財務計算用'!$P:$P,'[1]PLM001-財務計算用'!$N:$N,"<"&$B$4,'[1]PLM001-財務計算用'!$A:$A,$A16,'[1]PLM001-財務計算用'!$J:$J,T$6) -> 0 | U16: =SUMIFS([1]PLM002!$K:$K,[1]PLM002!$J:$J,"<"&$B$3,[1]PLM002!$F:$F,$A16,[1]PLM002!$C:$C,T$6) -> 0 | V16: =SUMIFS([1]PLM002!$K:$K,[1]PLM002!$J:$J,">="&$B$3,[1]PLM002!$J:$J,"<="&$B$4,[1]PLM002!$F:$F,$A16,[1]PLM002!$C:$C,T$6) -> 0 | W16: =U16+V16 -> 0
A17: K240801R2 | B17: =VLOOKUP(A17,[1]專案進度表!B:DT,2,FALSE) -> PCB濕製程用插入式壓力感測器 | C17: =VLOOKUP(A17,[1]總表!$A:$L,3,FALSE) -> 研一部 | D17: =VLOOKUP(A17,[1]總表!$A:$L,5,FALSE) -> Active | E17: =SUMIF($H$8:$O$8,E$8,H17:O17) -> 0 | F17: =SUMIF($H$8:$O$8,F$8,H17:O17) -> 0 | G17: =F17/E17 -> #DIV/0! | H17: =SUMIFS('[1]PLM001-財務計算用'!$P:$P,'[1]PLM001-財務計算用'!$N:$N,"<"&$B$4,'[1]PLM001-財務計算用'!$A:$A,$A17,'[1]PLM001-財務計算用'!$J:$J,H$6) -> 0 | I17: =SUMIFS([1]PLM002!$K:$K,[1]PLM002!$J:$J,"<"&$B$3,[1]PLM002!$F:$F,$A17,[1]PLM002!$C:$C,H$6) -> 0 | J17: =SUMIFS([1]PLM002!$K:$K,[1]PLM002!$J:$J,">="&$B$3,[1]PLM002!$J:$J,"<="&$B$4,[1]PLM002!$F:$F,$A17,[1]PLM002!$C:$C,H$6) -> 0 | K17: =I17+J17 -> 0 | L17: =SUMIFS('[1]PLM001-財務計算用'!$P:$P,'[1]PLM001-財務計算用'!$N:$N,"<"&$B$4,'[1]PLM001-財務計算用'!$A:$A,$A17,'[1]PLM001-財務計算用'!$J:$J,L$6) -> 0 | M17: =SUMIFS([1]PLM002!$K:$K,[1]PLM002!$J:$J,"<"&$B$3,[1]PLM002!$F:$F,$A17,[1]PLM002!$C:$C,L$6) -> 0 | N17: =SUMIFS([1]PLM002!$K:$K,[1]PLM002!$J:$J,">="&$B$3,[1]PLM002!$J:$J,"<="&$B$4,[1]PLM002!$F:$F,$A17,[1]PLM002!$C:$C,L$6) -> 0 | O17: =M17+N17 -> 0 | P17: =SUMIFS('[1]PLM001-財務計算用'!$P:$P,'[1]PLM001-財務計算用'!$N:$N,"<"&$B$4,'[1]PLM001-財務計算用'!$A:$A,$A17,'[1]PLM001-財務計算用'!$J:$J,P$6) -> 0 | Q17: =SUMIFS([1]PLM002!$K:$K,[1]PLM002!$J:$J,"<"&$B$3,[1]PLM002!$F:$F,$A17,[1]PLM002!$C:$C,P$6) -> 0 | R17: =SUMIFS([1]PLM002!$K:$K,[1]PLM002!$J:$J,">="&$B$3,[1]PLM002!$J:$J,"<="&$B$4,[1]PLM002!$F:$F,$A17,[1]PLM002!$C:$C,P$6) -> 0 | S17: =Q17+R17 -> 0 | T17: =SUMIFS('[1]PLM001-財務計算用'!$P:$P,'[1]PLM001-財務計算用'!$N:$N,"<"&$B$4,'[1]PLM001-財務計算用'!$A:$A,$A17,'[1]PLM001-財務計算用'!$J:$J,T$6) -> 0 | U17: =SUMIFS([1]PLM002!$K:$K,[1]PLM002!$J:$J,"<"&$B$3,[1]PLM002!$F:$F,$A17,[1]PLM002!$C:$C,T$6) -> 0 | V17: =SUMIFS([1]PLM002!$K:$K,[1]PLM002!$J:$J,">="&$B$3,[1]PLM002!$J:$J,"<="&$B$4,[1]PLM002!$F:$F,$A17,[1]PLM002!$C:$C,T$6) -> 0 | W17: =U17+V17 -> 0
A18: K250501R2 | B18: =VLOOKUP(A18,[1]專案進度表!B:DT,2,FALSE) -> C級奧多曼電子水量計 | C18: =VLOOKUP(A18,[1]總表!$A:$L,3,FALSE) -> 產品開發 | D18: =VLOOKUP(A18,[1]總表!$A:$L,5,FALSE) -> Active | E18: =SUMIF($H$8:$O$8,E$8,H18:O18) -> 0 | F18: =SUMIF($H$8:$O$8,F$8,H18:O18) -> 0 | G18: =F18/E18 -> #DIV/0! | H18: =SUMIFS('[1]PLM001-財務計算用'!$P:$P,'[1]PLM001-財務計算用'!$N:$N,"<"&$B$4,'[1]PLM001-財務計算用'!$A:$A,$A18,'[1]PLM001-財務計算用'!$J:$J,H$6) -> 0 | I18: =SUMIFS([1]PLM002!$K:$K,[1]PLM002!$J:$J,"<"&$B$3,[1]PLM002!$F:$F,$A18,[1]PLM002!$C:$C,H$6) -> 0 | J18: =SUMIFS([1]PLM002!$K:$K,[1]PLM002!$J:$J,">="&$B$3,[1]PLM002!$J:$J,"<="&$B$4,[1]PLM002!$F:$F,$A18,[1]PLM002!$C:$C,H$6) -> 0 | K18: =I18+J18 -> 0 | L18: =SUMIFS('[1]PLM001-財務計算用'!$P:$P,'[1]PLM001-財務計算用'!$N:$N,"<"&$B$4,'[1]PLM001-財務計算用'!$A:$A,$A18,'[1]PLM001-財務計算用'!$J:$J,L$6) -> 0 | M18: =SUMIFS([1]PLM002!$K:$K,[1]PLM002!$J:$J,"<"&$B$3,[1]PLM002!$F:$F,$A18,[1]PLM002!$C:$C,L$6) -> 0 | N18: =SUMIFS([1]PLM002!$K:$K,[1]PLM002!$J:$J,">="&$B$3,[1]PLM002!$J:$J,"<="&$B$4,[1]PLM002!$F:$F,$A18,[1]PLM002!$C:$C,L$6) -> 0 | O18: =M18+N18 -> 0 | P18: =SUMIFS('[1]PLM001-財務計算用'!$P:$P,'[1]PLM001-財務計算用'!$N:$N,"<"&$B$4,'[1]PLM001-財務計算用'!$A:$A,$A18,'[1]PLM001-財務計算用'!$J:$J,P$6) -> 0 | Q18: =SUMIFS([1]PLM002!$K:$K,[1]PLM002!$J:$J,"<"&$B$3,[1]PLM002!$F:$F,$A18,[1]PLM002!$C:$C,P$6) -> 0 | R18: =SUMIFS([1]PLM002!$K:$K,[1]PLM002!$J:$J,">="&$B$3,[1]PLM002!$J:$J,"<="&$B$4,[1]PLM002!$F:$F,$A18,[1]PLM002!$C:$C,P$6) -> 0 | S18: =Q18+R18 -> 0 | T18: =SUMIFS('[1]PLM001-財務計算用'!$P:$P,'[1]PLM001-財務計算用'!$N:$N,"<"&$B$4,'[1]PLM001-財務計算用'!$A:$A,$A18,'[1]PLM001-財務計算用'!$J:$J,T$6) -> 0 | U18: =SUMIFS([1]PLM002!$K:$K,[1]PLM002!$J:$J,"<"&$B$3,[1]PLM002!$F:$F,$A18,[1]PLM002!$C:$C,T$6) -> 0 | V18: =SUMIFS([1]PLM002!$K:$K,[1]PLM002!$J:$J,">="&$B$3,[1]PLM002!$J:$J,"<="&$B$4,[1]PLM002!$F:$F,$A18,[1]PLM002!$C:$C,T$6) -> 0 | W18: =U18+V18 -> 0
A19: K251001R1 | B19: =VLOOKUP(A19,[1]專案進度表!B:DT,2,FALSE) -> EPH水量計型式認證技術規範CNPA49第4版結構驗證與改善 | C19: =VLOOKUP(A19,[1]總表!$A:$L,3,FALSE) -> 產品開發 | D19: =VLOOKUP(A19,[1]總表!$A:$L,5,FALSE) -> Active | E19: =SUMIF($H$8:$O$8,E$8,H19:O19) -> 0 | F19: =SUMIF($H$8:$O$8,F$8,H19:O19) -> 0 | G19: =F19/E19 -> #DIV/0! | H19: =SUMIFS('[1]PLM001-財務計算用'!$P:$P,'[1]PLM001-財務計算用'!$N:$N,"<"&$B$4,'[1]PLM001-財務計算用'!$A:$A,$A19,'[1]PLM001-財務計算用'!$J:$J,H$6) -> 0 | I19: =SUMIFS([1]PLM002!$K:$K,[1]PLM002!$J:$J,"<"&$B$3,[1]PLM002!$F:$F,$A19,[1]PLM002!$C:$C,H$6) -> 0 | J19: =SUMIFS([1]PLM002!$K:$K,[1]PLM002!$J:$J,">="&$B$3,[1]PLM002!$J:$J,"<="&$B$4,[1]PLM002!$F:$F,$A19,[1]PLM002!$C:$C,H$6) -> 0 | K19: =I19+J19 -> 0 | L19: =SUMIFS('[1]PLM001-財務計算用'!$P:$P,'[1]PLM001-財務計算用'!$N:$N,"<"&$B$4,'[1]PLM001-財務計算用'!$A:$A,$A19,'[1]PLM001-財務計算用'!$J:$J,L$6) -> 0 | M19: =SUMIFS([1]PLM002!$K:$K,[1]PLM002!$J:$J,"<"&$B$3,[1]PLM002!$F:$F,$A19,[1]PLM002!$C:$C,L$6) -> 0 | N19: =SUMIFS([1]PLM002!$K:$K,[1]PLM002!$J:$J,">="&$B$3,[1]PLM002!$J:$J,"<="&$B$4,[1]PLM002!$F:$F,$A19,[1]PLM002!$C:$C,L$6) -> 0 | O19: =M19+N19 -> 0 | P19: =SUMIFS('[1]PLM001-財務計算用'!$P:$P,'[1]PLM001-財務計算用'!$N:$N,"<"&$B$4,'[1]PLM001-財務計算用'!$A:$A,$A19,'[1]PLM001-財務計算用'!$J:$J,P$6) -> 0 | Q19: =SUMIFS([1]PLM002!$K:$K,[1]PLM002!$J:$J,"<"&$B$3,[1]PLM002!$F:$F,$A19,[1]PLM002!$C:$C,P$6) -> 0 | R19: =SUMIFS([1]PLM002!$K:$K,[1]PLM002!$J:$J,">="&$B$3,[1]PLM002!$J:$J,"<="&$B$4,[1]PLM002!$F:$F,$A19,[1]PLM002!$C:$C,P$6) -> 0 | S19: =Q19+R19 -> 0 | T19: =SUMIFS('[1]PLM001-財務計算用'!$P:$P,'[1]PLM001-財務計算用'!$N:$N,"<"&$B$4,'[1]PLM001-財務計算用'!$A:$A,$A19,'[1]PLM001-財務計算用'!$J:$J,T$6) -> 0 | U19: =SUMIFS([1]PLM002!$K:$K,[1]PLM002!$J:$J,"<"&$B$3,[1]PLM002!$F:$F,$A19,[1]PLM002!$C:$C,T$6) -> 0 | V19: =SUMIFS([1]PLM002!$K:$K,[1]PLM002!$J:$J,">="&$B$3,[1]PLM002!$J:$J,"<="&$B$4,[1]PLM002!$F:$F,$A19,[1]PLM002!$C:$C,T$6) -> 0 | W19: =U19+V19 -> 0
A20: K251101R1 | B20: =VLOOKUP(A20,[1]專案進度表!B:DT,2,FALSE) -> 精巧型電磁流量計 | C20: =VLOOKUP(A20,[1]總表!$A:$L,3,FALSE) -> 研三部 | D20: =VLOOKUP(A20,[1]總表!$A:$L,5,FALSE) -> Active | E20: =SUMIF($H$8:$O$8,E$8,H20:O20) -> 329 | F20: =SUMIF($H$8:$O$8,F$8,H20:O20) -> 562 | G20: =F20/E20 -> 1.7082067 | H20: =SUMIFS('[1]PLM001-財務計算用'!$P:$P,'[1]PLM001-財務計算用'!$N:$N,"<"&$B$4,'[1]PLM001-財務計算用'!$A:$A,$A20,'[1]PLM001-財務計算用'!$J:$J,H$6) -> 0 | I20: =SUMIFS([1]PLM002!$K:$K,[1]PLM002!$J:$J,"<"&$B$3,[1]PLM002!$F:$F,$A20,[1]PLM002!$C:$C,H$6) -> 0 | J20: =SUMIFS([1]PLM002!$K:$K,[1]PLM002!$J:$J,">="&$B$3,[1]PLM002!$J:$J,"<="&$B$4,[1]PLM002!$F:$F,$A20,[1]PLM002!$C:$C,H$6) -> 0 | K20: =I20+J20 -> 0 | L20: =SUMIFS('[1]PLM001-財務計算用'!$P:$P,'[1]PLM001-財務計算用'!$N:$N,"<"&$B$4,'[1]PLM001-財務計算用'!$A:$A,$A20,'[1]PLM001-財務計算用'!$J:$J,L$6) -> 329 | M20: =SUMIFS([1]PLM002!$K:$K,[1]PLM002!$J:$J,"<"&$B$3,[1]PLM002!$F:$F,$A20,[1]PLM002!$C:$C,L$6) -> 534.5 | N20: =SUMIFS([1]PLM002!$K:$K,[1]PLM002!$J:$J,">="&$B$3,[1]PLM002!$J:$J,"<="&$B$4,[1]PLM002!$F:$F,$A20,[1]PLM002!$C:$C,L$6) -> 27.5 | O20: =M20+N20 -> 562 | P20: =SUMIFS('[1]PLM001-財務計算用'!$P:$P,'[1]PLM001-財務計算用'!$N:$N,"<"&$B$4,'[1]PLM001-財務計算用'!$A:$A,$A20,'[1]PLM001-財務計算用'!$J:$J,P$6) -> 0 | Q20: =SUMIFS([1]PLM002!$K:$K,[1]PLM002!$J:$J,"<"&$B$3,[1]PLM002!$F:$F,$A20,[1]PLM002!$C:$C,P$6) -> 28 | R20: =SUMIFS([1]PLM002!$K:$K,[1]PLM002!$J:$J,">="&$B$3,[1]PLM002!$J:$J,"<="&$B$4,[1]PLM002!$F:$F,$A20,[1]PLM002!$C:$C,P$6) -> 0 | S20: =Q20+R20 -> 28 | T20: =SUMIFS('[1]PLM001-財務計算用'!$P:$P,'[1]PLM001-財務計算用'!$N:$N,"<"&$B$4,'[1]PLM001-財務計算用'!$A:$A,$A20,'[1]PLM001-財務計算用'!$J:$J,T$6) -> 0 | U20: =SUMIFS([1]PLM002!$K:$K,[1]PLM002!$J:$J,"<"&$B$3,[1]PLM002!$F:$F,$A20,[1]PLM002!$C:$C,T$6) -> 64 | V20: =SUMIFS([1]PLM002!$K:$K,[1]PLM002!$J:$J,">="&$B$3,[1]PLM002!$J:$J,"<="&$B$4,[1]PLM002!$F:$F,$A20,[1]PLM002!$C:$C,T$6) -> 0 | W20: =U20+V20 -> 64
... A32: M251201C1 | B32: =VLOOKUP(A32,[1]專案進度表!B:DT,2,FALSE) -> GPX 申請UL-61010認證 | C32: =VLOOKUP(A32,[1]總表!$A:$L,3,FALSE) -> 研發一處 | D32: =VLOOKUP(A32,[1]總表!$A:$L,5,FALSE) -> Closed | E32: =SUMIF($H$8:$O$8,E$8,H32:O32) -> 0 | F32: =SUMIF($H$8:$O$8,F$8,H32:O32) -> 0 | G32: =F32/E32 -> #DIV/0! | H32: =SUMIFS('[1]PLM001-財務計算用'!$P:$P,'[1]PLM001-財務計算用'!$N:$N,"<"&$B$4,'[1]PLM001-財務計算用'!$A:$A,$A32,'[1]PLM001-財務計算用'!$J:$J,H$6) -> 0 | I32: =SUMIFS([1]PLM002!$K:$K,[1]PLM002!$J:$J,"<"&$B$3,[1]PLM002!$F:$F,$A32,[1]PLM002!$C:$C,H$6) -> 0 | J32: =SUMIFS([1]PLM002!$K:$K,[1]PLM002!$J:$J,">="&$B$3,[1]PLM002!$J:$J,"<="&$B$4,[1]PLM002!$F:$F,$A32,[1]PLM002!$C:$C,H$6) -> 0 | K32: =I32+J32 -> 0 | L32: =SUMIFS('[1]PLM001-財務計算用'!$P:$P,'[1]PLM001-財務計算用'!$N:$N,"<"&$B$4,'[1]PLM001-財務計算用'!$A:$A,$A32,'[1]PLM001-財務計算用'!$J:$J,L$6) -> 0 | M32: =SUMIFS([1]PLM002!$K:$K,[1]PLM002!$J:$J,"<"&$B$3,[1]PLM002!$F:$F,$A32,[1]PLM002!$C:$C,L$6) -> 0 | N32: =SUMIFS([1]PLM002!$K:$K,[1]PLM002!$J:$J,">="&$B$3,[1]PLM002!$J:$J,"<="&$B$4,[1]PLM002!$F:$F,$A32,[1]PLM002!$C:$C,L$6) -> 0 | O32: =M32+N32 -> 0 | P32: =SUMIFS('[1]PLM001-財務計算用'!$P:$P,'[1]PLM001-財務計算用'!$N:$N,"<"&$B$4,'[1]PLM001-財務計算用'!$A:$A,$A32,'[1]PLM001-財務計算用'!$J:$J,P$6) -> 0 | Q32: =SUMIFS([1]PLM002!$K:$K,[1]PLM002!$J:$J,"<"&$B$3,[1]PLM002!$F:$F,$A32,[1]PLM002!$C:$C,P$6) -> 0 | R32: =SUMIFS([1]PLM002!$K:$K,[1]PLM002!$J:$J,">="&$B$3,[1]PLM002!$J:$J,"<="&$B$4,[1]PLM002!$F:$F,$A32,[1]PLM002!$C:$C,P$6) -> 0 | S32: =Q32+R32 -> 0 | T32: =SUMIFS('[1]PLM001-財務計算用'!$P:$P,'[1]PLM001-財務計算用'!$N:$N,"<"&$B$4,'[1]PLM001-財務計算用'!$A:$A,$A32,'[1]PLM001-財務計算用'!$J:$J,T$6) -> 0 | U32: =SUMIFS([1]PLM002!$K:$K,[1]PLM002!$J:$J,"<"&$B$3,[1]PLM002!$F:$F,$A32,[1]PLM002!$C:$C,T$6) -> 0 | V32: =SUMIFS([1]PLM002!$K:$K,[1]PLM002!$J:$J,">="&$B$3,[1]PLM002!$J:$J,"<="&$B$4,[1]PLM002!$F:$F,$A32,[1]PLM002!$C:$C,T$6) -> 0 | W32: =U32+V32 -> 0

Sheet 成員負責專案(延遲項目)
A1: 人員 | B1: 部門名稱 | C1: 職級 | D1: 專案編號 | E1: 專案名稱 | F1: 任務項目 | G1: 預計起始日 | H1: 預計結束日 | I1: 實際開始日 | J1: 預計設工 | K1: 實際設工 | L1: 任務狀態 | M1: 完成% | N1: 專案是否異常 | O1: 描述/延遲原因
A2: 魏暉恩 | B2: 研三部 | C2: 工程師 | D2: M250301R1 | E2: 軌道型顯示器夾管式超音波流量計 | F2: 樣品製作(PCBA) | G2: 2025/07/02 | H2: 2025/07/22 | J2: 80 | L2: Active | M2: 0 | N2: 專案延遲324天
A3: 魏暉恩 | B3: 研三部 | C3: 工程師 | D3: M250301R1 | E3: 軌道型顯示器夾管式超音波流量計 | F3: 電子新零件承認 | G3: 2025/07/18 | H3: 2025/07/24 | J3: 160 | K3: 40 | L3: Active | M3: 0 | N3: 專案延遲308天
A4: 魏暉恩 | B4: 研三部 | C4: 工程師 | D4: M250301R1 | E4: 軌道型顯示器夾管式超音波流量計 | F4: DVT-QA樣機EOM建立 | G4: 2025/08/13 | H4: 2025/08/13 | J4: 64 | L4: Active | M4: 0 | N4: 專案延遲282天
A5: 魏暉恩 | B5: 研三部 | C5: 工程師 | D5: M250301R1 | E5: 軌道型顯示器夾管式超音波流量計 | F5: 產品檢驗記錄 | G5: 2025/09/11 | H5: 2025/09/22 | J5: 128 | L5: Active | M5: 0 | N5: 專案延遲253天
A6: 魏暉恩 | B6: 研三部 | C6: 工程師 | D6: M250301R1 | E6: 軌道型顯示器夾管式超音波流量計 | F6: 測試治具設計及製作/移交清單 | G6: 2025/09/11 | H6: 2025/10/13 | J6: 800 | K6: 110.5 | L6: Active | M6: 0 | N6: 專案延遲253天
A7: 魏暉恩 | B7: 研三部 | C7: 工程師 | D7: M250301R1 | E7: 軌道型顯示器夾管式超音波流量計 | F7: 產品檢驗基準 | G7: 2025/09/11 | H7: 2025/09/22 | J7: 128 | L7: Active | M7: 0 | N7: 專案延遲253天
A8: 魏暉恩 | B8: 研三部 | C8: 工程師 | D8: M250301R1 | E8: 軌道型顯示器夾管式超音波流量計 | F8: 進料檢驗基準 | G8: 2025/09/18 | H8: 2025/09/30 | J8: 128 | K8: 3 | L8: Active | M8: 0 | N8: 專案延遲246天
A9: 魏暉恩 | B9: 研三部 | C9: 工程師 | D9: M250301R1 | E9: 軌道型顯示器夾管式超音波流量計 | F9: QC工程表 | G9: 2025/09/18 | H9: 2025/09/30 | J9: 128 | L9: Active | M9: 0 | N9: 專案延遲246天
A10: 魏暉恩 | B10: 研三部 | C10: 工程師 | D10: M250301R1 | E10: 軌道型顯示器夾管式超音波流量計 | F10: 標籤貼紙 (回覆標籤版型料號) | G10: 2025/09/23 | H10: 2025/09/30 | J10: 64 | L10: Active | M10: 0 | N10: 專案延遲241天
A11: 魏暉恩 | B11: 研三部 | C11: 工程師 | D11: M250301R1 | E11: 軌道型顯示器夾管式超音波流量計 | F11: SOP/加工重點 (半成品/成品/組裝/測試) | G11: 2025/10/14 | H11: 2025/10/23 | J11: 256 | K11: 16 | L11: Active | M11: 0 | N11: 專案延遲220天
A12: 魏暉恩 | B12: 研三部 | C12: 工程師 | D12: K251101R1 | E12: 精巧型電磁流量計 | F12: 研發內部審查會議記錄 | G12: 2026/01/02 | H12: 2026/01/02 | J12: 32 | L12: Active | M12: 0 | N12: 專案延遲140天
A13: 魏暉恩 | B13: 研三部 | C13: 工程師 | D13: K251101R1 | E13: 精巧型電磁流量計 | F13: 提案審查會議記錄 (跨部門) | G13: 2026/01/02 | H13: 2026/01/02 | J13: 32 | L13: Active | M13: 0 | N13: 專案延遲140天
A14: 魏暉恩 | B14: 研三部 | C14: 工程師 | D14: K251101R1 | E14: 精巧型電磁流量計 | F14: 先導樣機測試/拆解報告 (樣機B) | G14: 2026/01/06 | H14: 2026/01/08 | J14: 192 | K14: 1 | L14: Active | M14: 0 | N14: 專案延遲136天
A15: 魏暉恩 | B15: 研三部 | C15: 工程師 | D15: K251101R1 | E15: 精巧型電磁流量計 | F15: 研發開案企劃書+預算書 (ISO表單：QR-C-07) | G15: 2026/01/09 | H15: 2026/01/13 | J15: 192 | L15: Active | M15: 0 | N15: 專案延遲133天
A16: 魏暉恩 | B16: 研三部 | C16: 工程師 | D16: K251101R1 | E16: 精巧型電磁流量計 | F16: 研發企劃會議紀錄 | G16: 2026/01/13 | H16: 2026/01/13 | J16: 32 | L16: Active | M16: 0 | N16: 專案延遲129天
A17: 魏暉恩 | B17: 研三部 | C17: 工程師 | D17: K251101R1 | E17: 精巧型電磁流量計 | F17: 電路設計 | G17: 2026/01/14 | H17: 2026/01/22 | J17: 320 | K17: 111.5 | L17: Active | M17: 0 | N17: 專案延遲128天
A18: 魏暉恩 | B18: 研三部 | C18: 工程師 | D18: K251101R1 | E18: 精巧型電磁流量計 | F18: Placement規劃 | G18: 2026/01/23 | H18: 2026/01/27 | J18: 168 | K18: 90 | L18: Active | M18: 0 | N18: 專案延遲119天
A19: 魏暉恩 | B19: 研三部 | C19: 工程師 | D19: K251101R1 | E19: 精巧型電磁流量計 | F19: 硬體審查單 | G19: 2026/01/26 | H19: 2026/01/26 | J19: 64 | K19: 20 | L19: Active | M19: 0 | N19: 專案延遲116天
A20: 許博元 | B20: 研三部 | C20: 副工程師 | D20: M250301C1 | E20: 一體型電磁流量計北美多重防爆認證 | F20: 樣品系統驗證,測試及問題解決(軟體/硬體/機構整合) | G20: 2026/01/20 | H20: 2026/02/02 | I20: 2025/12/07 | J20: 600 | K20: 41 | L20: Active | M20: 0.75 | N20: 專案延遲109天
A21: 魏暉恩 | B21: 研三部 | C21: 工程師 | D21: K251101R1 | E21: 精巧型電磁流量計 | F21: 樣品製作(PCBA) | G21: 2026/03/05 | H21: 2026/03/18 | J21: 640 | K21: 89 | L21: Active | M21: 0 | N21: 專案延遲78天
A22: 魏暉恩 | B22: 研三部 | C22: 工程師 | D22: K251101R1 | E22: 精巧型電磁流量計 | F22: 電子新零件承認 | G22: 2026/03/11 | H22: 2026/03/12 | J22: 128 | K22: 31 | L22: Active | M22: 0 | N22: 專案延遲72天
A23: 魏暉恩 | B23: 研三部 | C23: 工程師 | D23: K251101R1 | E23: 精巧型電磁流量計 | F23: 電子半成品 EOM | G23: 2026/03/13 | H23: 2026/03/16 | J23: 128 | K23: 16 | L23: Active | M23: 0 | N23: 專案延遲70天
A24: 許博元 | B24: 研三部 | C24: 副工程師 | D24: M250301C1 | E24: 一體型電磁流量計北美多重防爆認證 | F24: 產品檢驗基準 | G24: 2026/03/16 | H24: 2026/03/20 | J24: 40 | L24: Active | M24: 0 | N24: 專案延遲67天
A25: 許博元 | B25: 研三部 | C25: 副工程師 | D25: M250301C1 | E25: 一體型電磁流量計北美多重防爆認證 | F25: 成品 EBOM(含零件庫存清單、採購建議書) | G25: 2026/03/16 | H25: 2026/03/20 | J25: 40 | L25: Active | M25: 0 | N25: 專案延遲67天
A26: 許博元 | B26: 研三部 | C26: 副工程師 | D26: M250301C1 | E26: 一體型電磁流量計北美多重防爆認證 | F26: QC工程表 | G26: 2026/03/16 | H26: 2026/03/20 | J26: 40 | L26: Active | M26: 0 | N26: 專案延遲67天
A27: 許博元 | B27: 研三部 | C27: 副工程師 | D27: M250301C1 | E27: 一體型電磁流量計北美多重防爆認證 | F27: 產品檢驗記錄 | G27: 2026/03/16 | H27: 2026/03/20 | J27: 40 | L27: Active | M27: 0 | N27: 專案延遲67天
A28: 許博元 | B28: 研三部 | C28: 副工程師 | D28: M250301C1 | E28: 一體型電磁流量計北美多重防爆認證 | F28: 開立內聯單請廠務進行PCBA打件 (基本：A:20套 / K:50套 / M:100套，需在專案會議再次確認) | G28: 2026/03/16 | H28: 2026/03/16 | J28: 40 | L28: Active | M28: 0 | N28: 專案延遲67天
A29: 許博元 | B29: 研三部 | C29: 副工程師 | D29: M250301C1 | E29: 一體型電磁流量計北美多重防爆認證 | F29: 進料檢驗基準 | G29: 2026/03/16 | H29: 2026/03/20 | J29: 40 | L29: Active | M29: 0 | N29: 專案延遲67天
A30: 魏暉恩 | B30: 研三部 | C30: 工程師 | D30: K251101R1 | E30: 精巧型電磁流量計 | F30: 樣品系統驗證,測試及問題解決(軟體/硬體/機構整合) | G30: 2026/03/19 | H30: 2026/04/17 | J30: 1280 | K30: 224.5 | L30: Active | M30: 0 | N30: 專案延遲64天
A31: 許博元 | B31: 研三部 | C31: 副工程師 | D31: M250301C1 | E31: 一體型電磁流量計北美多重防爆認證 | F31: SOP/加工重點 (半成品/成品/組裝/測試) | G31: 2026/03/23 | H31: 2026/04/07 | J31: 400 | L31: Active | M31: 0 | N31: 專案延遲60天

Sheet 專案狀態(含專案延遲項目)
A1: 部門名稱: | B1: 研三部
A2: 專案編號 | B2: 結案日期 | C2: 專案負責人 | D2: 專案總進度 | E2: 專案狀態 | F2: 結案日期 | G2: 項目 | H2: 資料內容
A3: K251101R1 | B3: 精巧型電磁流量計 | C3: 魏暉恩 | D3: 14 | E3: Active | G3: 任務名稱 | H3: Project preparation needs | I3: Project Development | J3: 硬體設計 | K3: 機構設計 | L3: 軟體設計 | M3: Design Verification Test | N3: Products produced
G4: 任務進度 | H4: 10 | I4: 30 | J4: 42 | K4: 41 | L4: 29 | M4: 0 | N4: 0
G5: 預計開始日 | H5: 46024 | I5: 46036 | J5: 46036 | K5: 46036 | L5: 46036 | M5: 46136 | N5: 46136
G6: 預計結束日 | H6: 46035 | I6: 46164 | J6: 46099 | K6: 46164 | L6: 46098 | M6: 46203 | N6: 46258
G7: 延遲項目/負責人/進度 | H7: 2026/01/02/研發內部審查會議記錄/魏暉恩/0%_x000D_ 2026/01/02/提案審查會議記錄 (跨部門)/魏暉恩/0%_x000D_ | I7: 2026/02/23/產品驗證企劃書/王琇眉/0%_x000D_ 2026/04/17/樣品系統驗證,測試及問題解決(軟體/硬體/機構整合)/魏暉恩/0%_x000D_ | J7: 2026/01/22/電路設計/魏暉恩/0%_x000D_ 2026/01/26/硬體審查單/魏暉恩/0%_x000D_ | K7: 2026/03/17/機構半成品 EOM/葉宏政/0%_x000D_ 2026/05/22/機構開模/葉宏政/0%_x000D_ | L7: 2026/02/12/軟/韌體設計/蕭金椿/30%_x000D_ 2026/03/17/軟/韌體審查單/蕭金椿/0%_x000D_ | M7: 2026/05/27/DVT-QA測試(含競爭樣機性能對照)/王琇眉/0%_x000D_ 2026/05/27/行銷確認首產及送樣規格及套數/吳志嘉/0%_x000D_ | N7: 2026/05/08/工況試煉送樣(DN25)/魏暉恩/0%_x000D_ 2026/06/03/進料檢驗基準 (表單QR-B-15)/魏暉恩/0%_x000D_
A8: D260501R1 | B8: [測試]同任務掛2個以上的負責人 | C8: 陳俊儒 | D8: 22 | E8: Active | G8: 任務名稱 | H8: DVT-QA產品驗證 | I8: 開案計劃 | J8: 硬體改善 | K8: 軟韌體改善 | L8: 機構改善 | M8: 製程改善 | N8: 工程試製階段
G9: 任務進度 | H9: 0 | I9: 76 | J9: 0 | K9: 0 | L9: 0 | M9: 0 | N9: 0
G10: 預計開始日 | H10: 46148 | I10: 46149 | J10: 46163 | K10: 46163 | L10: 46163 | M10: 46163 | N10: 46167
G11: 預計結束日 | H11: 46167 | I11: 46163 | J11: 46163 | K11: 46163 | L11: 46163 | M11: 46163 | N11: 46189
G12: 延遲項目/負責人/進度 | I12: 2026/05/21/開案會議紀錄/黃胤綸/0%_x000D_ | J12: 2026/05/21/硬體改善完成/黃胤綸/0%_x000D_ 2026/05/21/電路板上R222的電阻與U31的IC損壞分析改善/陳俊儒/0%_x000D_ | K12: 2026/05/21/韌體改善完成/黃胤綸/0%_x000D_ | L12: 2026/05/21/結構改善完成/黃胤綸/0%_x000D_ | M12: 2026/05/21/製程改善完成/黃胤綸/0%_x000D_

Sheet 工時統計細目
A1: 列印日期: | C1: 2026/05/21 13:57 | D1: 部門: | I1: RD1300
A2: 工時類別 | K2: 一般專案 | O2: 非專案 | U2: 總計
C3: 專案/非專案工時佔比 | E3: 專案工時內，從事非預計專案佔比 | K3: EPU2超音波流量計優化 | L3: 一體式夾管超音波流量計(DN25)[RD4] | M3: 精巧型電磁流量計 | N3: 小計 | O3: 輔助生產(設備,檢工治模具) | P3: 休假 | Q3: 其他 | R3: 會議 | S3: 非生產性質的跨部門協助 | T3: 小計
A4: 部門名稱 | B4: 回報人員 | C4: 專案百分比 | D4: 非專案百分比 | E4: 處理非負責專案時數 | F4: 專案工時 | G4: 處理非負責專案佔專案比例 | H4: 未達專案比例 | I4: 負責專案 | J4: 工時異常備註_x000D_ (非專案百分比高;從事非預計專案佔比大於20%) | K4: 工作時數
B5: 職 稱: | C5: 副工程師 | D5: 90%：10%
A6: 研三部 | B6: 許博元 | C6: 0 | D6: 1 | E6: 0 | F6: 0 | G6: 0 | H6: 0 | I6: 一體型電磁流量計北美多重防爆認證_x000D_ | K6: 0 | L6: 0 | M6: 0 | N6: 0 | O6: 16 | P6: 0 | Q6: 0 | R6: 0 | S6: 0 | T6: 16 | U6: 16
B7: 職 稱: | C7: 工程師 | D7: 90%：10%
A8: 研三部 | B8: 魏暉恩 | C8: 0.6875 | D8: 0.3125 | E8: 0 | F8: 27.5 | G8: 0 | H8: 0.2125 | I8: EPH水量計型式認證技術規範CNPA49第4版結構驗證與改善_x000D_ 軌道型顯示器夾管式超音波流量計_x000D_ 精巧型電磁流量計_x000D_ | J8: 1.非專案類工時，比例超過預設值。 | K8: 0 | L8: 0 | M8: 27.5 | N8: 27.5 | O8: 0.5 | P8: 4 | Q8: 2 | R8: 2 | S8: 4 | T8: 12.5 | U8: 40
B9: 職 稱: | C9: 高級工程師 | D9: 70%：30%
A10: 研三部 | B10: 蘇哲弘 | C10: 0.825 | D10: 0.175 | E10: 0 | F10: 33 | G10: 0 | H10: 0 | K10: 29 | L10: 4 | M10: 0 | N10: 33 | O10: 0 | P10: 0 | Q10: 3 | R10: 4 | S10: 0 | T10: 7 | U10: 40
